url,file,bytes,sha256
https://app.skylit.ai/_next/static/media/739c2d8941231bb4-s.p.woff2,2ed6ac9efa___next__static__media__739c2d8941231bb4-s.p.woff2,32752,2ed6ac9efae6d21f51b2946176a0eef79a4043d643f9ac976e66d7fc4d57803a
https://app.skylit.ai/_next/static/media/22a5144ee8d83bca-s.p.woff2,9b6f5ff45b___next__static__media__22a5144ee8d83bca-s.p.woff2,29288,9b6f5ff45b278c744b5f379a2c4ecbaf858a842b8eaf82ac8d21b699ca16c608
https://app.skylit.ai/_next/static/css/de8cc10a599451d9.css,af94fb8304___next__static__css__de8cc10a599451d9.css,7841,af94fb8304940e46d825eaa073f0314e80d6a9e03c4811c4dd19a0510295c785
https://app.skylit.ai/_next/static/chunks/webpack-721c82c840f46fd9.js,5408ab8d74___next__static__chunks__webpack-721c82c840f46fd9.js,4021,5408ab8d747b6d80ef0a385ffd07435a7c21b948c9ac8bcbb08362ebb7218b7c
https://app.skylit.ai/_next/static/chunks/9511-43b62da7e02e04df.js,e248dd56a8___next__static__chunks__9511-43b62da7e02e04df.js,7672,e248dd56a8ec1fa75adf10f39f0264c06c887e3ca98e1d5657c8ab9d24eec36e
https://app.skylit.ai/_next/static/chunks/9105-764d67233875e45d.js,5abbbbc071___next__static__chunks__9105-764d67233875e45d.js,24226,5abbbbc07151348b11d970b5e6c4af7c4e5da938705b510295b05a1553ce1acf
https://app.skylit.ai/_next/static/media/7d4881bb7e1bf84d-s.p.woff2,5f3d6ad60f___next__static__media__7d4881bb7e1bf84d-s.p.woff2,23108,5f3d6ad60f29d6cb708414ec6887163d63bf197377ef5417d2483ff31ace6c3b
https://app.skylit.ai/_next/static/css/f8f6efbcd1e306ae.css,90a236b6d8___next__static__css__f8f6efbcd1e306ae.css,225690,90a236b6d894352dc0598f3f50aaf9590b8a69763c745c9765da1feb77e7ffce
https://app.skylit.ai/_next/static/chunks/1755-3859e9fff5a0ccab.js,ce56424357___next__static__chunks__1755-3859e9fff5a0ccab.js,28055,ce56424357e7c9890879b5a196f1975309d82a7bd1c4fcaf8c1571fc61af3ddb
https://app.skylit.ai/_next/static/chunks/4625-209b3b47ab6cd87b.js,4e187bc418___next__static__chunks__4625-209b3b47ab6cd87b.js,8615,4e187bc41817b90ba1bd5623a4d28398a0696a76d6b4d4ce0646a3340d093f8c
https://app.skylit.ai/_next/static/chunks/4909-f5e5a2b9645891bd.js,85acd58a0f___next__static__chunks__4909-f5e5a2b9645891bd.js,24796,85acd58a0fa4c55fcf50b73f0ac084ec322ecdeda6410e31083237a0f26c298a
https://app.skylit.ai/_next/static/chunks/4230-425c3f66e7e842e9.js,8ed5d74979___next__static__chunks__4230-425c3f66e7e842e9.js,35125,8ed5d749790a5f5779b7b348e7eb870fde79f551bcddf5bd9a0bac8ea6a5dd66
https://app.skylit.ai/_next/static/chunks/9893-5c6f98ea9bf92f48.js,5dbb912f71___next__static__chunks__9893-5c6f98ea9bf92f48.js,41688,5dbb912f718159c975fe8c31f61e9e8802b4c86f5ad2465dd826cce3ca84739a
https://app.skylit.ai/_next/static/chunks/main-app-f3336e172256d2ab.js,91801d552d___next__static__chunks__main-app-f3336e172256d2ab.js,572,91801d552d3e97ad6aabb535c2d8eeff31bab152fb2448b8556373894e7d7215
https://app.skylit.ai/_next/static/chunks/155-53fef369c0e3951d.js,725d7814c0___next__static__chunks__155-53fef369c0e3951d.js,12020,725d7814c02adefc102d7bf3dedbc98104b88ceabdfe357cac5dd94ff30b8207
https://app.skylit.ai/_next/static/chunks/5485-08719a466b890540.js,c1e58f779a___next__static__chunks__5485-08719a466b890540.js,24838,c1e58f779a45ae0ccf77f76088a36e6234f6a763490fbdd1c0d1d30616eeda7d
https://app.skylit.ai/_next/static/chunks/2239-60d2f6f593401e84.js,627946c763___next__static__chunks__2239-60d2f6f593401e84.js,6441,627946c763b5ae1601923a8ab1cbb3017bb5eec352461f2e8bf450bda427af16
https://app.skylit.ai/_next/static/chunks/5385-13d7646711c4efae.js,7436088e1e___next__static__chunks__5385-13d7646711c4efae.js,16346,7436088e1e98de42489a29647464598fe015380036167e9f0044b4e484de0d67
https://app.skylit.ai/_next/static/chunks/766-f081ff105a721075.js,89d6b1b240___next__static__chunks__766-f081ff105a721075.js,24945,89d6b1b240cd2ed34437eb2e178378fead553657b936a8418cec7ff8ff4c29f8
https://app.skylit.ai/_next/static/chunks/2554-bf4a03637d053103.js,40eca4a04a___next__static__chunks__2554-bf4a03637d053103.js,42987,40eca4a04a43a2a541f3e6ef8604a830870bc942ca6a79a9b14255c3c50775c6
https://app.skylit.ai/_next/static/chunks/9588-458c4779d91de9eb.js,513fc4a5e5___next__static__chunks__9588-458c4779d91de9eb.js,38299,513fc4a5e5ae6fed28fd81f366de81e6b2ae88b768d3817dad3eeae2994631c7
https://app.skylit.ai/_next/static/chunks/5231-7d6fdb6cc427b276.js,e2c787106a___next__static__chunks__5231-7d6fdb6cc427b276.js,115697,e2c787106a85ab71c41ae736f039ef59396e180d6faef249e19d6667317e3212
https://app.skylit.ai/_next/static/chunks/589c24b9-a5f0df66608c07b4.js,0ab2125b56___next__static__chunks__589c24b9-a5f0df66608c07b4.js,84426,0ab2125b569a24442e476b184872807202350886cb63a5588e29bf53e98dbda4
https://app.skylit.ai/_next/static/chunks/3680-bedf33ad8e108721.js,2c73d63a54___next__static__chunks__3680-bedf33ad8e108721.js,111447,2c73d63a54b42a46f43dff0e77d5e3d2c8cb3cefbdd89245b846981cca578227
https://app.skylit.ai/_next/static/chunks/8593-0b7dc0fa05075470.js,04995cb089___next__static__chunks__8593-0b7dc0fa05075470.js,52802,04995cb089646705b169a23214e8fe3c15ce4efe9f35e9bb3511c78cae121831
https://app.skylit.ai/_next/static/chunks/9201-a75db5e6a4c11e69.js,6cb6e089c2___next__static__chunks__9201-a75db5e6a4c11e69.js,74632,6cb6e089c20d8dac870837737d554f47550d2b28d1714d466a3fa469a541115c
https://app.skylit.ai/_next/static/chunks/7520-6f0984a998d9e4dd.js,c1cca4a19f___next__static__chunks__7520-6f0984a998d9e4dd.js,8173,c1cca4a19ff0103bab3352c4161567432795d08b0f03c5b7c8d2d77d3e12b0b3
https://app.skylit.ai/_next/static/media/e4af272ccee01ff0-s.p.woff2,c940764593___next__static__media__e4af272ccee01ff0-s.p.woff2,48432,c940764593d0fe5d596be327ca7558855e018039fb78509aa21921fd3644c3e4
https://app.skylit.ai/_next/static/chunks/4bd1b696-182b6b13bdad92e3.js,ac61824cbe___next__static__chunks__4bd1b696-182b6b13bdad92e3.js,173025,ac61824cbe55db2ff6a8d8a22e8427dc3ddba120242a077e944ee4159ed7c5fc
https://app.skylit.ai/_next/static/chunks/1255-2515ec02460e7abe.js,2dfa5c8e96___next__static__chunks__1255-2515ec02460e7abe.js,172433,2dfa5c8e967508b736d0e17f681b79ea30271167a19886fdd473ba21072a4e12
https://app.skylit.ai/_next/static/chunks/d0709137-66b18913c3688eee.js,a1c73cca4c___next__static__chunks__d0709137-66b18913c3688eee.js,151971,a1c73cca4c2200cf6f2e5207c87b6666fecda6c3c5b6188ea7141eda47051a34
https://app.skylit.ai/_next/static/chunks/6614-bb93312999c77658.js,5937a63e7e___next__static__chunks__6614-bb93312999c77658.js,156838,5937a63e7ef9cdd196058bc9862b093055fa9a2945c3de6b8ea9bf0e378cbc23
https://app.skylit.ai/_next/static/chunks/2907-30b709b8103db419.js,017f1bcd0b___next__static__chunks__2907-30b709b8103db419.js,314520,017f1bcd0ba9252b79dca6c532a9b8daa93e576909d4bde1d132c3d7e69765a4
https://app.skylit.ai/_next/static/chunks/1163-24f40c25adf82148.js,d3d6d8e0ad___next__static__chunks__1163-24f40c25adf82148.js,13898,d3d6d8e0adf5958136b579b0d6198173d0655c195a98f15a530d4e6d608df5ee
https://app.skylit.ai/_next/static/chunks/app/not-found-673260e14050cb6d.js,2dc2035b28___next__static__chunks__app__not-found-673260e14050cb6d.js,191,2dc2035b284fe329760b8efe79bc84a5c6b64459b5bc80cf94bdcbefebf67f66
https://app.skylit.ai/_next/static/chunks/2595-020377d4c96c03b4.js,da4ac3b6f1___next__static__chunks__2595-020377d4c96c03b4.js,43011,da4ac3b6f14b135ec23086350fcb072db8439ec39bb79194752652c174d7ca41
https://app.skylit.ai/_next/static/chunks/1110-5359c25b86389f01.js,cea85bdfcd___next__static__chunks__1110-5359c25b86389f01.js,18715,cea85bdfcd00609087f3347094145d1a673e8a51bc45dda48c3394d72e566f24
https://app.skylit.ai/_next/static/chunks/1576-b802384d65dd427f.js,8a7c755aa1___next__static__chunks__1576-b802384d65dd427f.js,16763,8a7c755aa106b47f53d69d14371c767c019fe53cf5c8134ab86ec2e99042a455
https://app.skylit.ai/_next/static/chunks/9206-02ef40d64d673fcf.js,4e721c41c0___next__static__chunks__9206-02ef40d64d673fcf.js,12257,4e721c41c06e3226f1e666233b442aa38f26db1ee27b30b8db97401019201801
https://app.skylit.ai/_next/static/chunks/app/error-60c985368a3c3b4b.js,a03e6a925f___next__static__chunks__app__error-60c985368a3c3b4b.js,1681,a03e6a925f3f8939c9aaa3200fb10b0cf7fdb5df5efbd5489045af6946e48960
https://app.skylit.ai/_next/static/chunks/6630-04cbc9e46e2ae107.js,8aa697085a___next__static__chunks__6630-04cbc9e46e2ae107.js,9738,8aa697085a0729d2f2509950714e05460dc83eb73aeae667871e5d3a1e00742c
https://app.skylit.ai/_next/static/chunks/2619-04bc32f026a0d946.js,a9b6c2213e___next__static__chunks__2619-04bc32f026a0d946.js,8564,a9b6c2213ea787a015c0169d198b4a90d7a44a0cc17abb0d132e8362d3016ced
https://app.skylit.ai/_next/static/chunks/6613-1fa957526aa42ad9.js,d38add5221___next__static__chunks__6613-1fa957526aa42ad9.js,14442,d38add5221bc7ec64f49100c4fa63498b9a728347d4af4d111a612aa00017e74
https://app.skylit.ai/_next/static/chunks/5368-05ddc984de4127bf.js,b06a242fb6___next__static__chunks__5368-05ddc984de4127bf.js,45684,b06a242fb6136589657dd52485d8ee69291e4e7268d867f92b5d3f12bab0d9d6
https://app.skylit.ai/_next/static/chunks/988-7c66963a05bdd0b2.js,630d6b7308___next__static__chunks__988-7c66963a05bdd0b2.js,19746,630d6b73088dbe94ebfd8f02c568597906b5777ddf9e9983c1bbb5f01e5ce359
https://app.skylit.ai/_next/static/chunks/6093-3da856b6315cafaa.js,9b2ea8879f___next__static__chunks__6093-3da856b6315cafaa.js,26979,9b2ea8879f0e5d0ffe67e007330c1b91910854b6827c68af9f30927848c246bf
https://app.skylit.ai/_next/static/chunks/6898-c7df98ceb01066ec.js,e6ef7244b7___next__static__chunks__6898-c7df98ceb01066ec.js,95156,e6ef7244b798475e282264a02f0fc3d9327b8cdfaccd682989549e1918eb11f8
https://app.skylit.ai/_next/static/chunks/app/page-ee729ac9decf605c.js,58f9f63997___next__static__chunks__app__page-ee729ac9decf605c.js,101234,58f9f63997edd3dbd3a733232d118417cdbb9e53e2e2487e87e5a546f3284e07
https://app.skylit.ai/_next/static/chunks/181-88cba17a6dc8c325.js,5ed8468ff3___next__static__chunks__181-88cba17a6dc8c325.js,22094,5ed8468ff3c106afb8b94a9109a28b4c4b99dac99ad58b2c40b7a01ca2e192c7
https://app.skylit.ai/_next/static/chunks/6677-7971ca8179e5ddd7.js,45e39d744d___next__static__chunks__6677-7971ca8179e5ddd7.js,16524,45e39d744d8f3fc1d8d75747acf58bed863ea623e767dbfcf1163abf4b62cc6d
https://app.skylit.ai/_next/static/chunks/6696-f35cc60e1a8df3cf.js,bf020e30ba___next__static__chunks__6696-f35cc60e1a8df3cf.js,21607,bf020e30ba8587c7bc0d051757a8f4de79b313b2c0f3ed2893996b65cca26d1c
https://app.skylit.ai/_next/static/chunks/4621-12e3f5caebaefab8.js,c0150df983___next__static__chunks__4621-12e3f5caebaefab8.js,14280,c0150df9835a57c1cb0c4dd93fcc59babc990a21f56cfc187c3fe5a851cc8d4d
https://app.skylit.ai/_next/static/chunks/7883-6592990794d20510.js,ae9074d68f___next__static__chunks__7883-6592990794d20510.js,11092,ae9074d68fe5a43ed40af30a49847a1eb9b1fc1e1f50554a09858a8622de1272
https://app.skylit.ai/_next/static/chunks/3477-b1b3280841e76470.js,4b14ef5c94___next__static__chunks__3477-b1b3280841e76470.js,50612,4b14ef5c94731a8d7d2f0b038104cd5db1ecf8e56c6041b7f97a26d3419bf828
https://app.skylit.ai/_next/static/chunks/7187-dbf517257821735b.js,f9f9d38422___next__static__chunks__7187-dbf517257821735b.js,33391,f9f9d384223ec1aa954c2d526510858e03a82578c6890af9126b1e4e640ee9eb
https://app.skylit.ai/_next/static/chunks/6359-ed0070f980a475f0.js,491bf1d0a8___next__static__chunks__6359-ed0070f980a475f0.js,93907,491bf1d0a8699bad08495dcf091870e2f09d2b449811de2641a72bc9bd23b527
https://app.skylit.ai/_next/static/chunks/a4634e51-c4bd651267baabfd.js,7505f2b0fe___next__static__chunks__a4634e51-c4bd651267baabfd.js,513311,7505f2b0fee71c5a9005600165c78becf7d11797da21dce8f5ff5a77f908241d
https://app.skylit.ai/_next/static/chunks/144d3bae-2dd2a6d890344e42.js,fefbcc7997___next__static__chunks__144d3bae-2dd2a6d890344e42.js,490323,fefbcc7997940adfd7f38fc0cad189d686f897636f85ff1b9490c75500a79522
https://app.skylit.ai/_next/static/chunks/6514-bd56272b2716d98c.js,a4bffe728a___next__static__chunks__6514-bd56272b2716d98c.js,440192,a4bffe728a1d7aec6f5de490f5e982f77bfcd29411f0358a595ec99283418e68
https://app.skylit.ai/_next/static/chunks/7086-8beb50d3703891fa.js,f3331c6bc2___next__static__chunks__7086-8beb50d3703891fa.js,31406,f3331c6bc2ab432eae1eea763a470285efbcb6009e4d09b26d9bfc0a785c509a
https://app.skylit.ai/_next/static/chunks/4338-2835906ea9e42f40.js,3964ac5c4e___next__static__chunks__4338-2835906ea9e42f40.js,35872,3964ac5c4e649fe736fd6240796e3386180b396dc734076804b2a9395b2d4723
https://app.skylit.ai/_next/static/chunks/9832-3e591358ebdb25b9.js,eb0d77c40e___next__static__chunks__9832-3e591358ebdb25b9.js,245986,eb0d77c40e8fc3fff1def59ea2dfd576a18ec623e1c83d175e4310dc243ab109
https://app.skylit.ai/_next/static/chunks/9130-634f29a92d49fbd9.js,e9529b8400___next__static__chunks__9130-634f29a92d49fbd9.js,31804,e9529b84006ccb1620f4411c74d4d7553015dd0a24faf0ca3febec16f2cda1ff
https://app.skylit.ai/_next/static/chunks/5168-9901aec5fd79d4ae.js,156544753a___next__static__chunks__5168-9901aec5fd79d4ae.js,13567,156544753a74805d6f1f15bb61a365fe3f8481d592365eca513b696851850ad1
https://app.skylit.ai/_next/static/chunks/1799-c9013097d8cce919.js,1e8066c2cd___next__static__chunks__1799-c9013097d8cce919.js,13391,1e8066c2cd625b9de4de569fc922b2b4a7ce5ebb7a3a81cacc0f7f23be458b56
https://app.skylit.ai/_next/static/chunks/4006-7e42e10ec7ccc654.js,c0e167a1d2___next__static__chunks__4006-7e42e10ec7ccc654.js,41326,c0e167a1d2a3b89de05ea3e75c53402cdad631993d7525df64618bfa25632944
https://app.skylit.ai/_next/static/chunks/2501-547c53e2053a1b35.js,f91def8c5e___next__static__chunks__2501-547c53e2053a1b35.js,16745,f91def8c5ea9411cbb46eb64606efa9b0b53f714ca857d5c60ab19d3dd8041ab
https://app.skylit.ai/_next/static/chunks/3624-20f0d907ee7216d9.js,d8b9854335___next__static__chunks__3624-20f0d907ee7216d9.js,13419,d8b98543353e4bf0466609b698a06553c7947528f75da644c6b852c481db08c7
https://app.skylit.ai/_next/static/chunks/4712-c51afc57ca55d292.js,fd834c0767___next__static__chunks__4712-c51afc57ca55d292.js,106946,fd834c0767c798b49a51ad9baf853ac245f408f1ce3ccc8f4074ab70e653a45f
https://app.skylit.ai/_next/static/chunks/7026-d5f1da6b0d5e5c29.js,b3c60e10e2___next__static__chunks__7026-d5f1da6b0d5e5c29.js,28692,b3c60e10e2f5b71a2b02bad452025f97aabda2be4954918b29548a184cac0d0e
https://app.skylit.ai/_next/static/chunks/1536-064f08115df39c50.js,a5a40745fc___next__static__chunks__1536-064f08115df39c50.js,502243,a5a40745fc58bf6045dc87236c625ab486d95837c3519070a7ca14650804e938
https://app.skylit.ai/_next/static/chunks/7945-f6d188ac1d59a0f4.js,08ad937688___next__static__chunks__7945-f6d188ac1d59a0f4.js,41287,08ad9376882ae3a0ff1b061ab728a7e4ac7d6b3f549ffcf6bc72a906bea81d9b
https://app.skylit.ai/_next/static/chunks/3394-ebe93baa1e96610c.js,8ccf655aed___next__static__chunks__3394-ebe93baa1e96610c.js,45457,8ccf655aed8d991c5f3df130d31638e9493cc80655b760744fccc3f1bb6352c7
https://app.skylit.ai/_next/static/chunks/9661-5cf099f85d56e395.js,f037f71497___next__static__chunks__9661-5cf099f85d56e395.js,9528,f037f71497c19924ac4555c6125301fb150b67c14aaae892eda8801581fa6025
https://app.skylit.ai/_next/static/chunks/7297-f12effc5f786481c.js,a2b2ec0fa7___next__static__chunks__7297-f12effc5f786481c.js,73082,a2b2ec0fa75f4e0fc118f83d186bb92d2d5d27f604ffa77156023ef00822d426
https://app.skylit.ai/_next/static/chunks/app/layout-f8c87dfd0b87bada.js,a67ba2de22___next__static__chunks__app__layout-f8c87dfd0b87bada.js,71873,a67ba2de2242b58d1cc88c11a2c0e8a3f4d2a2df8af40aff2421239c958aa33b
https://app.skylit.ai/sw.js,ed1e39a4ef__sw.js,15934,ed1e39a4ef853f1dafddfedb784518a57f4b49bb50df0015e29e23ed066c03c1
https://app.skylit.ai/_next/static/chunks/app/sign-in/%5B%5B...sign-in%5D%5D/page-f1e97fa95f555e90.js,f9a3c78720___next__static__chunks__app__sign-in__%5B%5B...sign-in%5D%5D__page-f1e97fa95f555e90.js,18754,f9a3c787204764ef1d94a39553f98df85d3c077e09328ee534988d3a1f300d54
https://app.skylit.ai/_next/static/chunks/6739-6755997e16b940c5.js,b023e9f060___next__static__chunks__6739-6755997e16b940c5.js,13075,b023e9f060ef8926bbda4de943b9de3269b4ea6001b481251d09a37a889e962b
