source_file,bytes,sha256,total_hits,falcon,heatseeker,flowseeker,midas,atlas,talon,athena,aegis,armed,fired,entry,triggered,watchlist,ratchet,settled_intrinsic,max_drawdown,skipped_entry,entry_style,limit_plan,spread_pct,playbook,setupName,confidence,grade_src,lifecycle,prem_series,dip_or_skip,shortly_after_fire,midday_book,runner_armed,market_entry_fire,rest_limit,gex,vex,gamma,king_node,gatekeeper,node,max_pain,put_call,get_full_gex_vex,get_gex_detail,get_options_metrics,get_node_enrichment,talon_scan,raw_flow,summarize_flow,levels_route,metrics_route,falcon_route,midas_route,contract_route,underlying_route,agents_route,setups_route,skills_route
1536-064f08115df39c50.js,502243,a5a40745fc58bf6045dc87236c625ab486d95837c3519070a7ca14650804e938,910,35,39,39,34,30,125,0,4,43,13,100,24,45,4,1,3,12,9,21,9,77,4,2,17,36,33,4,3,1,1,2,2,20,21,12,5,0,20,2,2,1,1,1,1,1,1,1,4,4,14,4,0,0,15,8,0
181-88cba17a6dc8c325.js,22094,5ed8468ff3c106afb8b94a9109a28b4c4b99dac99ad58b2c40b7a01ca2e192c7,89,0,0,0,0,0,0,0,0,2,0,8,0,0,0,0,0,0,0,0,0,0,0,7,0,2,0,0,0,0,0,0,0,20,22,13,2,0,13,0,0,0,0,0,0,0,0,0,0,0,0,0,0,0,0,0,0
8593-0b7dc0fa05075470.js,52802,04995cb089646705b169a23214e8fe3c15ce4efe9f35e9bb3511c78cae121831,82,0,0,0,0,0,6,0,0,0,0,4,0,0,0,0,0,0,0,0,0,0,0,7,0,0,0,0,0,0,0,0,0,9,0,11,6,3,7,0,1,0,0,0,0,0,0,0,0,0,0,0,0,0,17,5,6
6514-bd56272b2716d98c.js,440192,a4bffe728a1d7aec6f5de490f5e982f77bfcd29411f0358a595ec99283418e68,69,0,0,0,0,0,0,0,0,0,0,1,0,0,0,0,0,0,0,0,0,0,0,0,0,13,0,0,0,0,0,0,0,0,0,0,0,0,55,0,0,0,0,0,0,0,0,0,0,0,0,0,0,0,0,0,0
5231-7d6fdb6cc427b276.js,115697,e2c787106a85ab71c41ae736f039ef59396e180d6faef249e19d6667317e3212,59,0,0,0,0,0,0,0,0,0,0,0,0,0,0,0,0,0,0,0,0,0,0,0,0,0,0,0,0,0,0,0,0,0,0,0,0,0,59,0,0,0,0,0,0,0,0,0,0,0,0,0,0,0,0,0,0
page-ee729ac9decf605c.js,101234,58f9f63997edd3dbd3a733232d118417cdbb9e53e2e2487e87e5a546f3284e07,55,0,3,1,0,0,2,0,0,0,0,0,0,3,0,0,0,0,0,0,0,0,0,0,0,0,0,0,0,0,0,0,0,6,5,21,3,0,11,0,0,0,0,0,0,0,0,0,0,0,0,0,0,0,0,0,0
7297-f12effc5f786481c.js,73082,a2b2ec0fa75f4e0fc118f83d186bb92d2d5d27f604ffa77156023ef00822d426,45,4,0,2,2,5,1,0,4,2,0,7,3,0,2,0,0,0,0,0,0,2,0,0,2,8,0,0,0,0,0,0,0,0,0,0,0,0,1,0,0,0,0,0,0,0,0,0,0,0,0,0,0,0,0,0,0
7187-dbf517257821735b.js,33391,f9f9d384223ec1aa954c2d526510858e03a82578c6890af9126b1e4e640ee9eb,42,0,2,16,0,0,0,0,0,0,0,0,0,0,0,0,0,0,0,0,0,0,0,0,0,0,0,0,0,0,0,0,0,0,0,0,0,0,0,0,0,0,0,0,0,0,0,0,0,2,0,0,10,12,0,0,0
layout-f8c87dfd0b87bada.js,71873,a67ba2de2242b58d1cc88c11a2c0e8a3f4d2a2df8af40aff2421239c958aa33b,37,1,2,19,0,9,2,0,1,0,0,0,0,0,0,0,0,0,0,0,0,0,0,0,0,2,0,0,0,0,0,0,0,1,0,0,0,0,0,0,0,0,0,0,0,0,0,0,0,0,0,0,0,0,0,0,0
5368-05ddc984de4127bf.js,45684,b06a242fb6136589657dd52485d8ee69291e4e7268d867f92b5d3f12bab0d9d6,34,0,0,0,0,0,0,0,0,0,0,0,0,0,0,0,0,0,0,0,0,0,0,0,0,0,0,0,0,0,0,0,0,2,0,0,2,7,23,0,0,0,0,0,0,0,0,0,0,0,0,0,0,0,0,0,0
6898-c7df98ceb01066ec.js,95156,e6ef7244b798475e282264a02f0fc3d9327b8cdfaccd682989549e1918eb11f8,33,0,1,0,0,0,0,0,0,0,0,1,0,0,0,0,0,0,0,0,0,0,0,2,0,0,0,0,0,0,0,0,0,6,5,7,1,2,8,0,0,0,0,0,0,0,0,0,0,0,0,0,0,0,0,0,0
7945-f6d188ac1d59a0f4.js,41287,08ad9376882ae3a0ff1b061ab728a7e4ac7d6b3f549ffcf6bc72a906bea81d9b,29,0,3,0,0,0,0,0,0,0,0,0,0,0,0,0,0,0,0,0,0,0,0,0,0,0,0,0,0,0,0,0,0,7,6,4,3,0,6,0,0,0,0,0,0,0,0,0,0,0,0,0,0,0,0,0,0
9832-3e591358ebdb25b9.js,245986,eb0d77c40e8fc3fff1def59ea2dfd576a18ec623e1c83d175e4310dc243ab109,20,0,0,11,0,0,0,0,0,0,0,0,0,0,0,0,0,0,0,0,0,0,0,1,0,0,0,0,0,0,0,0,0,0,0,0,0,0,0,6,2,0,0,0,0,0,0,0,0,0,0,0,0,0,0,0,0
9893-5c6f98ea9bf92f48.js,41688,5dbb912f718159c975fe8c31f61e9e8802b4c86f5ad2465dd826cce3ca84739a,20,0,0,0,0,0,0,0,0,0,0,2,0,18,0,0,0,0,0,0,0,0,0,0,0,0,0,0,0,0,0,0,0,0,0,0,0,0,0,0,0,0,0,0,0,0,0,0,0,0,0,0,0,0,0,0,0
4712-c51afc57ca55d292.js,106946,fd834c0767c798b49a51ad9baf853ac245f408f1ce3ccc8f4074ab70e653a45f,19,0,0,1,0,0,0,0,2,0,0,0,0,0,0,0,0,0,0,0,0,0,0,0,0,0,0,0,0,0,0,0,0,7,1,2,0,0,4,0,0,0,0,0,0,0,0,0,2,0,0,0,0,0,0,0,0
7026-d5f1da6b0d5e5c29.js,28692,b3c60e10e2f5b71a2b02bad452025f97aabda2be4954918b29548a184cac0d0e,15,0,0,0,0,0,0,0,0,0,0,0,0,1,0,0,0,0,0,0,0,0,0,0,0,0,0,0,0,0,0,0,0,0,0,14,0,0,0,0,0,0,0,0,0,0,0,0,0,0,0,0,0,0,0,0,0
5485-08719a466b890540.js,24838,c1e58f779a45ae0ccf77f76088a36e6234f6a763490fbdd1c0d1d30616eeda7d,14,0,0,0,0,0,0,0,0,0,0,0,0,0,0,0,0,0,0,0,0,0,0,0,0,0,0,0,0,0,0,0,0,5,0,4,0,4,1,0,0,0,0,0,0,0,0,0,0,0,0,0,0,0,0,0,0
3477-b1b3280841e76470.js,50612,4b14ef5c94731a8d7d2f0b038104cd5db1ecf8e56c6041b7f97a26d3419bf828,13,0,0,0,0,0,0,0,0,0,3,10,0,0,0,0,0,0,0,0,0,0,0,0,0,0,0,0,0,0,0,0,0,0,0,0,0,0,0,0,0,0,0,0,0,0,0,0,0,0,0,0,0,0,0,0,0
9201-a75db5e6a4c11e69.js,74632,6cb6e089c20d8dac870837737d554f47550d2b28d1714d466a3fa469a541115c,13,0,0,0,0,0,0,0,0,0,0,0,0,0,0,0,0,0,0,0,0,0,0,0,0,0,0,0,0,0,0,0,0,0,0,0,0,0,13,0,0,0,0,0,0,0,0,0,0,0,0,0,0,0,0,0,0
1255-2515ec02460e7abe.js,172433,2dfa5c8e967508b736d0e17f681b79ea30271167a19886fdd473ba21072a4e12,10,0,0,0,0,0,0,0,0,0,0,0,0,0,0,0,0,0,0,0,0,0,0,0,0,0,0,0,0,0,0,0,0,0,0,0,0,0,10,0,0,0,0,0,0,0,0,0,0,0,0,0,0,0,0,0,0
144d3bae-2dd2a6d890344e42.js,490323,fefbcc7997940adfd7f38fc0cad189d686f897636f85ff1b9490c75500a79522,8,0,0,0,0,0,0,0,0,0,3,0,2,0,1,0,0,0,0,0,0,0,0,0,0,0,0,0,0,0,0,0,0,0,0,0,0,0,2,0,0,0,0,0,0,0,0,0,0,0,0,0,0,0,0,0,0
4bd1b696-182b6b13bdad92e3.js,173025,ac61824cbe55db2ff6a8d8a22e8427dc3ddba120242a077e944ee4159ed7c5fc,6,0,0,0,0,0,0,0,0,0,0,0,0,0,0,0,0,0,0,0,0,0,0,0,0,0,0,0,0,0,0,0,0,0,0,0,0,0,6,0,0,0,0,0,0,0,0,0,0,0,0,0,0,0,0,0,0
988-7c66963a05bdd0b2.js,19746,630d6b73088dbe94ebfd8f02c568597906b5777ddf9e9983c1bbb5f01e5ce359,6,0,0,5,0,0,0,0,0,0,0,0,0,0,0,0,0,0,0,0,0,0,0,0,0,0,0,0,0,0,0,0,0,1,0,0,0,0,0,0,0,0,0,0,0,0,0,0,0,0,0,0,0,0,0,0,0
4338-2835906ea9e42f40.js,35872,3964ac5c4e649fe736fd6240796e3386180b396dc734076804b2a9395b2d4723,5,0,0,0,0,0,0,0,0,0,0,0,0,0,0,0,0,0,0,0,0,0,0,0,0,0,0,0,0,0,0,0,0,1,0,4,0,0,0,0,0,0,0,0,0,0,0,0,0,0,0,0,0,0,0,0,0
6677-7971ca8179e5ddd7.js,16524,45e39d744d8f3fc1d8d75747acf58bed863ea623e767dbfcf1163abf4b62cc6d,5,0,0,0,0,0,0,0,0,0,0,0,0,0,0,0,0,0,0,0,0,0,0,0,0,0,0,0,0,0,0,0,0,2,2,1,0,0,0,0,0,0,0,0,0,0,0,0,0,0,0,0,0,0,0,0,0
polyfills-42372ed130431b0a.js,112594,0973c1d64c88adc8e3c950410cb58b288f72118d5965b78049438deb8f2f9683,4,0,0,0,0,0,0,0,0,0,0,0,0,0,0,0,0,0,0,0,0,0,0,0,0,0,0,0,0,0,0,0,0,0,0,0,0,0,4,0,0,0,0,0,0,0,0,0,0,0,0,0,0,0,0,0,0
1576-b802384d65dd427f.js,16763,8a7c755aa106b47f53d69d14371c767c019fe53cf5c8134ab86ec2e99042a455,3,0,0,0,0,0,0,0,0,0,0,0,0,0,0,0,0,0,0,0,0,0,0,0,0,0,0,0,0,0,0,0,0,0,0,1,0,0,2,0,0,0,0,0,0,0,0,0,0,0,0,0,0,0,0,0,0
2501-547c53e2053a1b35.js,16745,f91def8c5ea9411cbb46eb64606efa9b0b53f714ca857d5c60ab19d3dd8041ab,3,0,0,0,0,0,0,0,0,0,0,0,1,0,0,0,0,0,0,0,0,0,0,0,0,0,0,0,0,0,0,0,0,0,0,2,0,0,0,0,0,0,0,0,0,0,0,0,0,0,0,0,0,0,0,0,0
2907-30b709b8103db419.js,314520,017f1bcd0ba9252b79dca6c532a9b8daa93e576909d4bde1d132c3d7e69765a4,3,0,0,0,0,0,0,0,0,0,0,2,0,0,0,0,0,0,0,0,0,0,0,0,0,0,0,0,0,0,0,0,0,0,0,1,0,0,0,0,0,0,0,0,0,0,0,0,0,0,0,0,0,0,0,0,0
3680-bedf33ad8e108721.js,111447,2c73d63a54b42a46f43dff0e77d5e3d2c8cb3cefbdd89245b846981cca578227,3,0,0,0,0,0,0,0,0,0,0,0,0,0,0,0,0,0,0,0,0,0,0,0,0,0,0,0,0,0,0,0,0,0,0,0,0,0,3,0,0,0,0,0,0,0,0,0,0,0,0,0,0,0,0,0,0
1755-3859e9fff5a0ccab.js,28055,ce56424357e7c9890879b5a196f1975309d82a7bd1c4fcaf8c1571fc61af3ddb,2,0,0,0,0,0,0,0,0,0,0,2,0,0,0,0,0,0,0,0,0,0,0,0,0,0,0,0,0,0,0,0,0,0,0,0,0,0,0,0,0,0,0,0,0,0,0,0,0,0,0,0,0,0,0,0,0
1799-c9013097d8cce919.js,13391,1e8066c2cd625b9de4de569fc922b2b4a7ce5ebb7a3a81cacc0f7f23be458b56,2,0,0,0,0,0,0,0,0,0,0,2,0,0,0,0,0,0,0,0,0,0,0,0,0,0,0,0,0,0,0,0,0,0,0,0,0,0,0,0,0,0,0,0,0,0,0,0,0,0,0,0,0,0,0,0,0
4006-7e42e10ec7ccc654.js,41326,c0e167a1d2a3b89de05ea3e75c53402cdad631993d7525df64618bfa25632944,2,0,0,0,0,0,0,0,0,0,0,0,0,0,0,0,0,0,0,0,0,0,0,0,0,0,0,0,0,0,0,0,0,0,0,2,0,0,0,0,0,0,0,0,0,0,0,0,0,0,0,0,0,0,0,0,0
4621-12e3f5caebaefab8.js,14280,c0150df9835a57c1cb0c4dd93fcc59babc990a21f56cfc187c3fe5a851cc8d4d,2,0,0,0,0,0,0,0,0,0,0,2,0,0,0,0,0,0,0,0,0,0,0,0,0,0,0,0,0,0,0,0,0,0,0,0,0,0,0,0,0,0,0,0,0,0,0,0,0,0,0,0,0,0,0,0,0
6093-3da856b6315cafaa.js,26979,9b2ea8879f0e5d0ffe67e007330c1b91910854b6827c68af9f30927848c246bf,2,0,0,0,0,0,0,0,0,0,0,0,0,0,0,0,0,0,0,0,0,0,0,0,0,0,0,0,0,0,0,0,0,0,0,0,0,0,2,0,0,0,0,0,0,0,0,0,0,0,0,0,0,0,0,0,0
5168-9901aec5fd79d4ae.js,13567,156544753a74805d6f1f15bb61a365fe3f8481d592365eca513b696851850ad1,1,0,0,0,0,0,0,0,0,0,0,0,0,0,0,0,0,0,0,0,0,0,0,0,0,0,0,0,0,0,0,0,0,1,0,0,0,0,0,0,0,0,0,0,0,0,0,0,0,0,0,0,0,0,0,0,0
5385-13d7646711c4efae.js,16346,7436088e1e98de42489a29647464598fe015380036167e9f0044b4e484de0d67,1,0,0,0,0,0,0,0,0,0,0,0,0,0,0,0,0,0,0,0,0,0,0,0,0,0,0,0,0,0,0,0,0,0,0,0,0,0,1,0,0,0,0,0,0,0,0,0,0,0,0,0,0,0,0,0,0
6359-ed0070f980a475f0.js,93907,491bf1d0a8699bad08495dcf091870e2f09d2b449811de2641a72bc9bd23b527,1,0,0,0,0,0,0,0,0,0,0,0,0,0,0,0,0,0,0,0,0,0,0,0,0,0,0,0,0,0,0,0,0,0,0,0,0,0,1,0,0,0,0,0,0,0,0,0,0,0,0,0,0,0,0,0,0
6614-bb93312999c77658.js,156838,5937a63e7ef9cdd196058bc9862b093055fa9a2945c3de6b8ea9bf0e378cbc23,1,0,0,0,0,0,0,0,0,0,0,0,0,0,0,0,0,0,0,0,0,1,0,0,0,0,0,0,0,0,0,0,0,0,0,0,0,0,0,0,0,0,0,0,0,0,0,0,0,0,0,0,0,0,0,0,0
1110-5359c25b86389f01.js,18715,cea85bdfcd00609087f3347094145d1a673e8a51bc45dda48c3394d72e566f24,0,0,0,0,0,0,0,0,0,0,0,0,0,0,0,0,0,0,0,0,0,0,0,0,0,0,0,0,0,0,0,0,0,0,0,0,0,0,0,0,0,0,0,0,0,0,0,0,0,0,0,0,0,0,0,0,0
1163-24f40c25adf82148.js,13898,d3d6d8e0adf5958136b579b0d6198173d0655c195a98f15a530d4e6d608df5ee,0,0,0,0,0,0,0,0,0,0,0,0,0,0,0,0,0,0,0,0,0,0,0,0,0,0,0,0,0,0,0,0,0,0,0,0,0,0,0,0,0,0,0,0,0,0,0,0,0,0,0,0,0,0,0,0,0
155-53fef369c0e3951d.js,12020,725d7814c02adefc102d7bf3dedbc98104b88ceabdfe357cac5dd94ff30b8207,0,0,0,0,0,0,0,0,0,0,0,0,0,0,0,0,0,0,0,0,0,0,0,0,0,0,0,0,0,0,0,0,0,0,0,0,0,0,0,0,0,0,0,0,0,0,0,0,0,0,0,0,0,0,0,0,0
2239-60d2f6f593401e84.js,6441,627946c763b5ae1601923a8ab1cbb3017bb5eec352461f2e8bf450bda427af16,0,0,0,0,0,0,0,0,0,0,0,0,0,0,0,0,0,0,0,0,0,0,0,0,0,0,0,0,0,0,0,0,0,0,0,0,0,0,0,0,0,0,0,0,0,0,0,0,0,0,0,0,0,0,0,0,0
2554-bf4a03637d053103.js,42987,40eca4a04a43a2a541f3e6ef8604a830870bc942ca6a79a9b14255c3c50775c6,0,0,0,0,0,0,0,0,0,0,0,0,0,0,0,0,0,0,0,0,0,0,0,0,0,0,0,0,0,0,0,0,0,0,0,0,0,0,0,0,0,0,0,0,0,0,0,0,0,0,0,0,0,0,0,0,0
2595-020377d4c96c03b4.js,43011,da4ac3b6f14b135ec23086350fcb072db8439ec39bb79194752652c174d7ca41,0,0,0,0,0,0,0,0,0,0,0,0,0,0,0,0,0,0,0,0,0,0,0,0,0,0,0,0,0,0,0,0,0,0,0,0,0,0,0,0,0,0,0,0,0,0,0,0,0,0,0,0,0,0,0,0,0
2619-04bc32f026a0d946.js,8564,a9b6c2213ea787a015c0169d198b4a90d7a44a0cc17abb0d132e8362d3016ced,0,0,0,0,0,0,0,0,0,0,0,0,0,0,0,0,0,0,0,0,0,0,0,0,0,0,0,0,0,0,0,0,0,0,0,0,0,0,0,0,0,0,0,0,0,0,0,0,0,0,0,0,0,0,0,0,0
3394-ebe93baa1e96610c.js,45457,8ccf655aed8d991c5f3df130d31638e9493cc80655b760744fccc3f1bb6352c7,0,0,0,0,0,0,0,0,0,0,0,0,0,0,0,0,0,0,0,0,0,0,0,0,0,0,0,0,0,0,0,0,0,0,0,0,0,0,0,0,0,0,0,0,0,0,0,0,0,0,0,0,0,0,0,0,0
3624-20f0d907ee7216d9.js,13419,d8b98543353e4bf0466609b698a06553c7947528f75da644c6b852c481db08c7,0,0,0,0,0,0,0,0,0,0,0,0,0,0,0,0,0,0,0,0,0,0,0,0,0,0,0,0,0,0,0,0,0,0,0,0,0,0,0,0,0,0,0,0,0,0,0,0,0,0,0,0,0,0,0,0,0
4230-425c3f66e7e842e9.js,35125,8ed5d749790a5f5779b7b348e7eb870fde79f551bcddf5bd9a0bac8ea6a5dd66,0,0,0,0,0,0,0,0,0,0,0,0,0,0,0,0,0,0,0,0,0,0,0,0,0,0,0,0,0,0,0,0,0,0,0,0,0,0,0,0,0,0,0,0,0,0,0,0,0,0,0,0,0,0,0,0,0
4625-209b3b47ab6cd87b.js,8615,4e187bc41817b90ba1bd5623a4d28398a0696a76d6b4d4ce0646a3340d093f8c,0,0,0,0,0,0,0,0,0,0,0,0,0,0,0,0,0,0,0,0,0,0,0,0,0,0,0,0,0,0,0,0,0,0,0,0,0,0,0,0,0,0,0,0,0,0,0,0,0,0,0,0,0,0,0,0,0
4909-f5e5a2b9645891bd.js,24796,85acd58a0fa4c55fcf50b73f0ac084ec322ecdeda6410e31083237a0f26c298a,0,0,0,0,0,0,0,0,0,0,0,0,0,0,0,0,0,0,0,0,0,0,0,0,0,0,0,0,0,0,0,0,0,0,0,0,0,0,0,0,0,0,0,0,0,0,0,0,0,0,0,0,0,0,0,0,0
589c24b9-a5f0df66608c07b4.js,84426,0ab2125b569a24442e476b184872807202350886cb63a5588e29bf53e98dbda4,0,0,0,0,0,0,0,0,0,0,0,0,0,0,0,0,0,0,0,0,0,0,0,0,0,0,0,0,0,0,0,0,0,0,0,0,0,0,0,0,0,0,0,0,0,0,0,0,0,0,0,0,0,0,0,0,0
6613-1fa957526aa42ad9.js,14442,d38add5221bc7ec64f49100c4fa63498b9a728347d4af4d111a612aa00017e74,0,0,0,0,0,0,0,0,0,0,0,0,0,0,0,0,0,0,0,0,0,0,0,0,0,0,0,0,0,0,0,0,0,0,0,0,0,0,0,0,0,0,0,0,0,0,0,0,0,0,0,0,0,0,0,0,0
6630-04cbc9e46e2ae107.js,9738,8aa697085a0729d2f2509950714e05460dc83eb73aeae667871e5d3a1e00742c,0,0,0,0,0,0,0,0,0,0,0,0,0,0,0,0,0,0,0,0,0,0,0,0,0,0,0,0,0,0,0,0,0,0,0,0,0,0,0,0,0,0,0,0,0,0,0,0,0,0,0,0,0,0,0,0,0
6696-f35cc60e1a8df3cf.js,21607,bf020e30ba8587c7bc0d051757a8f4de79b313b2c0f3ed2893996b65cca26d1c,0,0,0,0,0,0,0,0,0,0,0,0,0,0,0,0,0,0,0,0,0,0,0,0,0,0,0,0,0,0,0,0,0,0,0,0,0,0,0,0,0,0,0,0,0,0,0,0,0,0,0,0,0,0,0,0,0
7086-8beb50d3703891fa.js,31406,f3331c6bc2ab432eae1eea763a470285efbcb6009e4d09b26d9bfc0a785c509a,0,0,0,0,0,0,0,0,0,0,0,0,0,0,0,0,0,0,0,0,0,0,0,0,0,0,0,0,0,0,0,0,0,0,0,0,0,0,0,0,0,0,0,0,0,0,0,0,0,0,0,0,0,0,0,0,0
7520-6f0984a998d9e4dd.js,8173,c1cca4a19ff0103bab3352c4161567432795d08b0f03c5b7c8d2d77d3e12b0b3,0,0,0,0,0,0,0,0,0,0,0,0,0,0,0,0,0,0,0,0,0,0,0,0,0,0,0,0,0,0,0,0,0,0,0,0,0,0,0,0,0,0,0,0,0,0,0,0,0,0,0,0,0,0,0,0,0
766-f081ff105a721075.js,24945,89d6b1b240cd2ed34437eb2e178378fead553657b936a8418cec7ff8ff4c29f8,0,0,0,0,0,0,0,0,0,0,0,0,0,0,0,0,0,0,0,0,0,0,0,0,0,0,0,0,0,0,0,0,0,0,0,0,0,0,0,0,0,0,0,0,0,0,0,0,0,0,0,0,0,0,0,0,0
7883-6592990794d20510.js,11092,ae9074d68fe5a43ed40af30a49847a1eb9b1fc1e1f50554a09858a8622de1272,0,0,0,0,0,0,0,0,0,0,0,0,0,0,0,0,0,0,0,0,0,0,0,0,0,0,0,0,0,0,0,0,0,0,0,0,0,0,0,0,0,0,0,0,0,0,0,0,0,0,0,0,0,0,0,0,0
9105-764d67233875e45d.js,24226,5abbbbc07151348b11d970b5e6c4af7c4e5da938705b510295b05a1553ce1acf,0,0,0,0,0,0,0,0,0,0,0,0,0,0,0,0,0,0,0,0,0,0,0,0,0,0,0,0,0,0,0,0,0,0,0,0,0,0,0,0,0,0,0,0,0,0,0,0,0,0,0,0,0,0,0,0,0
9130-634f29a92d49fbd9.js,31804,e9529b84006ccb1620f4411c74d4d7553015dd0a24faf0ca3febec16f2cda1ff,0,0,0,0,0,0,0,0,0,0,0,0,0,0,0,0,0,0,0,0,0,0,0,0,0,0,0,0,0,0,0,0,0,0,0,0,0,0,0,0,0,0,0,0,0,0,0,0,0,0,0,0,0,0,0,0,0
9206-02ef40d64d673fcf.js,12257,4e721c41c06e3226f1e666233b442aa38f26db1ee27b30b8db97401019201801,0,0,0,0,0,0,0,0,0,0,0,0,0,0,0,0,0,0,0,0,0,0,0,0,0,0,0,0,0,0,0,0,0,0,0,0,0,0,0,0,0,0,0,0,0,0,0,0,0,0,0,0,0,0,0,0,0
9511-43b62da7e02e04df.js,7672,e248dd56a8ec1fa75adf10f39f0264c06c887e3ca98e1d5657c8ab9d24eec36e,0,0,0,0,0,0,0,0,0,0,0,0,0,0,0,0,0,0,0,0,0,0,0,0,0,0,0,0,0,0,0,0,0,0,0,0,0,0,0,0,0,0,0,0,0,0,0,0,0,0,0,0,0,0,0,0,0
9588-458c4779d91de9eb.js,38299,513fc4a5e5ae6fed28fd81f366de81e6b2ae88b768d3817dad3eeae2994631c7,0,0,0,0,0,0,0,0,0,0,0,0,0,0,0,0,0,0,0,0,0,0,0,0,0,0,0,0,0,0,0,0,0,0,0,0,0,0,0,0,0,0,0,0,0,0,0,0,0,0,0,0,0,0,0,0,0
9661-5cf099f85d56e395.js,9528,f037f71497c19924ac4555c6125301fb150b67c14aaae892eda8801581fa6025,0,0,0,0,0,0,0,0,0,0,0,0,0,0,0,0,0,0,0,0,0,0,0,0,0,0,0,0,0,0,0,0,0,0,0,0,0,0,0,0,0,0,0,0,0,0,0,0,0,0,0,0,0,0,0,0,0
a4634e51-c4bd651267baabfd.js,513311,7505f2b0fee71c5a9005600165c78becf7d11797da21dce8f5ff5a77f908241d,0,0,0,0,0,0,0,0,0,0,0,0,0,0,0,0,0,0,0,0,0,0,0,0,0,0,0,0,0,0,0,0,0,0,0,0,0,0,0,0,0,0,0,0,0,0,0,0,0,0,0,0,0,0,0,0,0
d0709137-66b18913c3688eee.js,151971,a1c73cca4c2200cf6f2e5207c87b6666fecda6c3c5b6188ea7141eda47051a34,0,0,0,0,0,0,0,0,0,0,0,0,0,0,0,0,0,0,0,0,0,0,0,0,0,0,0,0,0,0,0,0,0,0,0,0,0,0,0,0,0,0,0,0,0,0,0,0,0,0,0,0,0,0,0,0,0
error-60c985368a3c3b4b.js,1681,a03e6a925f3f8939c9aaa3200fb10b0cf7fdb5df5efbd5489045af6946e48960,0,0,0,0,0,0,0,0,0,0,0,0,0,0,0,0,0,0,0,0,0,0,0,0,0,0,0,0,0,0,0,0,0,0,0,0,0,0,0,0,0,0,0,0,0,0,0,0,0,0,0,0,0,0,0,0,0
main-app-f3336e172256d2ab.js,572,91801d552d3e97ad6aabb535c2d8eeff31bab152fb2448b8556373894e7d7215,0,0,0,0,0,0,0,0,0,0,0,0,0,0,0,0,0,0,0,0,0,0,0,0,0,0,0,0,0,0,0,0,0,0,0,0,0,0,0,0,0,0,0,0,0,0,0,0,0,0,0,0,0,0,0,0,0
not-found-673260e14050cb6d.js,191,2dc2035b284fe329760b8efe79bc84a5c6b64459b5bc80cf94bdcbefebf67f66,0,0,0,0,0,0,0,0,0,0,0,0,0,0,0,0,0,0,0,0,0,0,0,0,0,0,0,0,0,0,0,0,0,0,0,0,0,0,0,0,0,0,0,0,0,0,0,0,0,0,0,0,0,0,0,0,0
webpack-721c82c840f46fd9.js,4021,5408ab8d747b6d80ef0a385ffd07435a7c21b948c9ac8bcbb08362ebb7218b7c,0,0,0,0,0,0,0,0,0,0,0,0,0,0,0,0,0,0,0,0,0,0,0,0,0,0,0,0,0,0,0,0,0,0,0,0,0,0,0,0,0,0,0,0,0,0,0,0,0,0,0,0,0,0,0,0,0
