file,keyword,occurrence,total_for_keyword,offset,context
_next__static__css__f8f6efbcd1e306ae.css,talon,1,6,219315,"humb,.glitch-slider:hover::-webkit-slider-thumb{transform:scale(1.2)}.glitch-slider::-moz-range-thumb{background:var(--glitch-slider-accent,#38bdf8);width:16px;height:16px;box-shadow:0 0 0 1px var(--glitch-slider-accent,#38bdf8),0 1px 5px #00000080;border:2px solid #fff;border-radius:50%}@keyframes talonEq{0%,to{height:3px}50%{height:12px}}@keyframes talonFin{0%{opacity:0;transform:translateY(-5px)}to{opacity:1;transform:none}}.talon-noscroll::-webkit-scrollbar{width:0;height:0}.velocity-mini-toolbar{flex-wrap:wrap}.velocity-mini-halo{flex-basis:100%;margin-top:8px}html.reduce-gpu,html.reduce-gpu *"
_next__static__css__f8f6efbcd1e306ae.css,talon,2,6,219368,"form:scale(1.2)}.glitch-slider::-moz-range-thumb{background:var(--glitch-slider-accent,#38bdf8);width:16px;height:16px;box-shadow:0 0 0 1px var(--glitch-slider-accent,#38bdf8),0 1px 5px #00000080;border:2px solid #fff;border-radius:50%}@keyframes talonEq{0%,to{height:3px}50%{height:12px}}@keyframes talonFin{0%{opacity:0;transform:translateY(-5px)}to{opacity:1;transform:none}}.talon-noscroll::-webkit-scrollbar{width:0;height:0}.velocity-mini-toolbar{flex-wrap:wrap}.velocity-mini-halo{flex-basis:100%;margin-top:8px}html.reduce-gpu,html.reduce-gpu *,html.reduce-gpu :after,html.reduce-gpu :before{-webk"
_next__static__css__f8f6efbcd1e306ae.css,talon,3,6,219447,"-accent,#38bdf8);width:16px;height:16px;box-shadow:0 0 0 1px var(--glitch-slider-accent,#38bdf8),0 1px 5px #00000080;border:2px solid #fff;border-radius:50%}@keyframes talonEq{0%,to{height:3px}50%{height:12px}}@keyframes talonFin{0%{opacity:0;transform:translateY(-5px)}to{opacity:1;transform:none}}.talon-noscroll::-webkit-scrollbar{width:0;height:0}.velocity-mini-toolbar{flex-wrap:wrap}.velocity-mini-halo{flex-basis:100%;margin-top:8px}html.reduce-gpu,html.reduce-gpu *,html.reduce-gpu :after,html.reduce-gpu :before{-webkit-backdrop-filter:none!important}html.reduce-gpu [class*=blur],html.reduce-gpu"
_next__static__css__f8f6efbcd1e306ae.css,talon,4,6,220135,"reduce-gpu .glitch-bubble-aura,html.reduce-gpu .glitch-bubble-ring,html.reduce-gpu .sniper-seg-attention,html.reduce-gpu .sniper-stale-dot{animation:none!important}html.reduce-gpu .glitch-bubble-aura{filter:none!important}html.reduce-gpu .animate-pulse,html.reduce-gpu .animate-spin,html.reduce-gpu .talon-comet{animation:none!important}.font-ui [data-talon-mono],.font-ui [data-talon-mono] *{font-family:Roboto Mono,ui-monospace,SFMono-Regular,SF Mono,Menlo,Consolas,monospace!important}@property --tw-translate-x{syntax:""*"";inherits:false;initial-value:0}@property --tw-translate-y{syntax:""*"";inherits:f"
_next__static__css__f8f6efbcd1e306ae.css,talon,5,6,220187,"ch-bubble-ring,html.reduce-gpu .sniper-seg-attention,html.reduce-gpu .sniper-stale-dot{animation:none!important}html.reduce-gpu .glitch-bubble-aura{filter:none!important}html.reduce-gpu .animate-pulse,html.reduce-gpu .animate-spin,html.reduce-gpu .talon-comet{animation:none!important}.font-ui [data-talon-mono],.font-ui [data-talon-mono] *{font-family:Roboto Mono,ui-monospace,SFMono-Regular,SF Mono,Menlo,Consolas,monospace!important}@property --tw-translate-x{syntax:""*"";inherits:false;initial-value:0}@property --tw-translate-y{syntax:""*"";inherits:false;initial-value:0}@property --tw-translate-z{synt"
_next__static__css__f8f6efbcd1e306ae.css,talon,6,6,220214,"gpu .sniper-seg-attention,html.reduce-gpu .sniper-stale-dot{animation:none!important}html.reduce-gpu .glitch-bubble-aura{filter:none!important}html.reduce-gpu .animate-pulse,html.reduce-gpu .animate-spin,html.reduce-gpu .talon-comet{animation:none!important}.font-ui [data-talon-mono],.font-ui [data-talon-mono] *{font-family:Roboto Mono,ui-monospace,SFMono-Regular,SF Mono,Menlo,Consolas,monospace!important}@property --tw-translate-x{syntax:""*"";inherits:false;initial-value:0}@property --tw-translate-y{syntax:""*"";inherits:false;initial-value:0}@property --tw-translate-z{syntax:""*"";inherits:false;initi"
_next__static__css__f8f6efbcd1e306ae.css,gex,1,1,15255,ight-medium);border-radius:.25rem;align-items:center;display:inline-flex}.badge-king{color:#a855f7;background-color:#a855f71a}.badge-pika{color:#eab308;background-color:#eab3081a}.badge-barney{color:#9333ea;background-color:#9333ea1a}.badge-gatekeeper{color:#f97316;background-color:#f973161a}.badge-gex{color:#3b82f6;background-color:#3b82f61a}.badge-vex{color:#f59e0b;background-color:#f59e0b1a}.table-header{--tw-font-weight:var(--font-weight-medium);font-weight:var(--font-weight-medium);--tw-tracking:var(--tracking-wide);letter-spacing:var(--tracking-wide);text-transform:uppercase;color:var(--col
_next__static__css__f8f6efbcd1e306ae.css,vex,1,1,15307,";display:inline-flex}.badge-king{color:#a855f7;background-color:#a855f71a}.badge-pika{color:#eab308;background-color:#eab3081a}.badge-barney{color:#9333ea;background-color:#9333ea1a}.badge-gatekeeper{color:#f97316;background-color:#f973161a}.badge-gex{color:#3b82f6;background-color:#3b82f61a}.badge-vex{color:#f59e0b;background-color:#f59e0b1a}.table-header{--tw-font-weight:var(--font-weight-medium);font-weight:var(--font-weight-medium);--tw-tracking:var(--tracking-wide);letter-spacing:var(--tracking-wide);text-transform:uppercase;color:var(--color-terminal-text-muted);font-family:Roboto Mono,ui-m"
_next__static__css__f8f6efbcd1e306ae.css,king,1,63,895,nt-position:initial;--tw-gradient-from:#0000;--tw-gradient-via:#0000;--tw-gradient-to:#0000;--tw-gradient-stops:initial;--tw-gradient-via-stops:initial;--tw-gradient-from-position:0%;--tw-gradient-via-position:50%;--tw-gradient-to-position:100%;--tw-leading:initial;--tw-font-weight:initial;--tw-tracking:initial;--tw-ordinal:initial;--tw-slashed-zero:initial;--tw-numeric-figure:initial;--tw-numeric-spacing:initial;--tw-numeric-fraction:initial;--tw-shadow:0 0 #0000;--tw-shadow-color:initial;--tw-shadow-alpha:100%;--tw-inset-shadow:0 0 #0000;--tw-inset-shadow-color:initial;--tw-inset-shadow-alpha:10
_next__static__css__f8f6efbcd1e306ae.css,king,2,63,7569,c(2/1.5);--text-3xl:1.875rem;--text-3xl--line-height:calc(2.25/1.875);--text-4xl:2.25rem;--text-4xl--line-height:calc(2.5/2.25);--text-5xl:3rem;--text-5xl--line-height:1;--font-weight-normal:400;--font-weight-medium:500;--font-weight-semibold:600;--font-weight-bold:700;--font-weight-black:900;--tracking-tight:-.025em;--tracking-normal:0em;--tracking-wide:.025em;--tracking-wider:.05em;--tracking-widest:.1em;--leading-tight:1.25;--leading-snug:1.375;--leading-normal:1.5;--leading-relaxed:1.625;--radius-xs:.125rem;--radius-2xl:1rem;--radius-3xl:1.5rem;--drop-shadow-sm:0 1px 2px #00000026;--ease-in:cu
_next__static__css__f8f6efbcd1e306ae.css,king,3,63,7594,"rem;--text-3xl--line-height:calc(2.25/1.875);--text-4xl:2.25rem;--text-4xl--line-height:calc(2.5/2.25);--text-5xl:3rem;--text-5xl--line-height:1;--font-weight-normal:400;--font-weight-medium:500;--font-weight-semibold:600;--font-weight-bold:700;--font-weight-black:900;--tracking-tight:-.025em;--tracking-normal:0em;--tracking-wide:.025em;--tracking-wider:.05em;--tracking-widest:.1em;--leading-tight:1.25;--leading-snug:1.375;--leading-normal:1.5;--leading-relaxed:1.625;--radius-xs:.125rem;--radius-2xl:1rem;--radius-3xl:1.5rem;--drop-shadow-sm:0 1px 2px #00000026;--ease-in:cubic-bezier(.4,0,1,1);--ea"
_next__static__css__f8f6efbcd1e306ae.css,king,4,63,7616,"eight:calc(2.25/1.875);--text-4xl:2.25rem;--text-4xl--line-height:calc(2.5/2.25);--text-5xl:3rem;--text-5xl--line-height:1;--font-weight-normal:400;--font-weight-medium:500;--font-weight-semibold:600;--font-weight-bold:700;--font-weight-black:900;--tracking-tight:-.025em;--tracking-normal:0em;--tracking-wide:.025em;--tracking-wider:.05em;--tracking-widest:.1em;--leading-tight:1.25;--leading-snug:1.375;--leading-normal:1.5;--leading-relaxed:1.625;--radius-xs:.125rem;--radius-2xl:1rem;--radius-3xl:1.5rem;--drop-shadow-sm:0 1px 2px #00000026;--ease-in:cubic-bezier(.4,0,1,1);--ease-out:cubic-bezier(0,"
_next__static__css__f8f6efbcd1e306ae.css,king,5,63,7639,"--text-4xl:2.25rem;--text-4xl--line-height:calc(2.5/2.25);--text-5xl:3rem;--text-5xl--line-height:1;--font-weight-normal:400;--font-weight-medium:500;--font-weight-semibold:600;--font-weight-bold:700;--font-weight-black:900;--tracking-tight:-.025em;--tracking-normal:0em;--tracking-wide:.025em;--tracking-wider:.05em;--tracking-widest:.1em;--leading-tight:1.25;--leading-snug:1.375;--leading-normal:1.5;--leading-relaxed:1.625;--radius-xs:.125rem;--radius-2xl:1rem;--radius-3xl:1.5rem;--drop-shadow-sm:0 1px 2px #00000026;--ease-in:cubic-bezier(.4,0,1,1);--ease-out:cubic-bezier(0,0,.2,1);--ease-in-out:c"
_next__static__css__f8f6efbcd1e306ae.css,king,6,63,7662,"xt-4xl--line-height:calc(2.5/2.25);--text-5xl:3rem;--text-5xl--line-height:1;--font-weight-normal:400;--font-weight-medium:500;--font-weight-semibold:600;--font-weight-bold:700;--font-weight-black:900;--tracking-tight:-.025em;--tracking-normal:0em;--tracking-wide:.025em;--tracking-wider:.05em;--tracking-widest:.1em;--leading-tight:1.25;--leading-snug:1.375;--leading-normal:1.5;--leading-relaxed:1.625;--radius-xs:.125rem;--radius-2xl:1rem;--radius-3xl:1.5rem;--drop-shadow-sm:0 1px 2px #00000026;--ease-in:cubic-bezier(.4,0,1,1);--ease-out:cubic-bezier(0,0,.2,1);--ease-in-out:cubic-bezier(.4,0,.2,1);"
_next__static__css__f8f6efbcd1e306ae.css,king,7,63,15035,"-inline:calc(var(--spacing)*2);padding-block:calc(var(--spacing)*.5);font-size:var(--text-xs);line-height:var(--tw-leading,var(--text-xs--line-height));--tw-font-weight:var(--font-weight-medium);font-weight:var(--font-weight-medium);border-radius:.25rem;align-items:center;display:inline-flex}.badge-king{color:#a855f7;background-color:#a855f71a}.badge-pika{color:#eab308;background-color:#eab3081a}.badge-barney{color:#9333ea;background-color:#9333ea1a}.badge-gatekeeper{color:#f97316;background-color:#f973161a}.badge-gex{color:#3b82f6;background-color:#3b82f61a}.badge-vex{color:#f59e0b;background-col"
_next__static__css__f8f6efbcd1e306ae.css,king,8,63,15456,"333ea;background-color:#9333ea1a}.badge-gatekeeper{color:#f97316;background-color:#f973161a}.badge-gex{color:#3b82f6;background-color:#3b82f61a}.badge-vex{color:#f59e0b;background-color:#f59e0b1a}.table-header{--tw-font-weight:var(--font-weight-medium);font-weight:var(--font-weight-medium);--tw-tracking:var(--tracking-wide);letter-spacing:var(--tracking-wide);text-transform:uppercase;color:var(--color-terminal-text-muted);font-family:Roboto Mono,ui-monospace,SFMono-Regular,SF Mono,Menlo,Consolas,monospace}.table-cell,.table-header{font-size:var(--text-xs);line-height:var(--tw-leading,var(--text-xs"
_next__static__css__f8f6efbcd1e306ae.css,king,9,63,15471,"d-color:#9333ea1a}.badge-gatekeeper{color:#f97316;background-color:#f973161a}.badge-gex{color:#3b82f6;background-color:#3b82f61a}.badge-vex{color:#f59e0b;background-color:#f59e0b1a}.table-header{--tw-font-weight:var(--font-weight-medium);font-weight:var(--font-weight-medium);--tw-tracking:var(--tracking-wide);letter-spacing:var(--tracking-wide);text-transform:uppercase;color:var(--color-terminal-text-muted);font-family:Roboto Mono,ui-monospace,SFMono-Regular,SF Mono,Menlo,Consolas,monospace}.table-cell,.table-header{font-size:var(--text-xs);line-height:var(--tw-leading,var(--text-xs--line-height))"
_next__static__css__f8f6efbcd1e306ae.css,king,10,63,15507,"color:#f97316;background-color:#f973161a}.badge-gex{color:#3b82f6;background-color:#3b82f61a}.badge-vex{color:#f59e0b;background-color:#f59e0b1a}.table-header{--tw-font-weight:var(--font-weight-medium);font-weight:var(--font-weight-medium);--tw-tracking:var(--tracking-wide);letter-spacing:var(--tracking-wide);text-transform:uppercase;color:var(--color-terminal-text-muted);font-family:Roboto Mono,ui-monospace,SFMono-Regular,SF Mono,Menlo,Consolas,monospace}.table-cell,.table-header{font-size:var(--text-xs);line-height:var(--tw-leading,var(--text-xs--line-height))}.table-cell{padding:4px 8px}.table-"
_next__static__css__f8f6efbcd1e306ae.css,king,11,63,95968,-bold)}.font-medium{--tw-font-weight:var(--font-weight-medium);font-weight:var(--font-weight-medium)}.font-normal{--tw-font-weight:var(--font-weight-normal);font-weight:var(--font-weight-normal)}.font-semibold{--tw-font-weight:var(--font-weight-semibold);font-weight:var(--font-weight-semibold)}.tracking-\[\.12em\]{--tw-tracking:.12em;letter-spacing:.12em}.tracking-\[\.16em\]{--tw-tracking:.16em;letter-spacing:.16em}.tracking-\[\.18em\]{--tw-tracking:.18em;letter-spacing:.18em}.tracking-\[0\.1em\]{--tw-tracking:.1em;letter-spacing:.1em}.tracking-\[0\.04em\]{--tw-tracking:.04em;letter-spacing:.04em}
_next__static__css__f8f6efbcd1e306ae.css,king,12,63,95993,font-weight:var(--font-weight-medium);font-weight:var(--font-weight-medium)}.font-normal{--tw-font-weight:var(--font-weight-normal);font-weight:var(--font-weight-normal)}.font-semibold{--tw-font-weight:var(--font-weight-semibold);font-weight:var(--font-weight-semibold)}.tracking-\[\.12em\]{--tw-tracking:.12em;letter-spacing:.12em}.tracking-\[\.16em\]{--tw-tracking:.16em;letter-spacing:.16em}.tracking-\[\.18em\]{--tw-tracking:.18em;letter-spacing:.18em}.tracking-\[0\.1em\]{--tw-tracking:.1em;letter-spacing:.1em}.tracking-\[0\.04em\]{--tw-tracking:.04em;letter-spacing:.04em}.tracking-\[0\.08em\]{--t
_next__static__css__f8f6efbcd1e306ae.css,king,13,63,96030,;font-weight:var(--font-weight-medium)}.font-normal{--tw-font-weight:var(--font-weight-normal);font-weight:var(--font-weight-normal)}.font-semibold{--tw-font-weight:var(--font-weight-semibold);font-weight:var(--font-weight-semibold)}.tracking-\[\.12em\]{--tw-tracking:.12em;letter-spacing:.12em}.tracking-\[\.16em\]{--tw-tracking:.16em;letter-spacing:.16em}.tracking-\[\.18em\]{--tw-tracking:.18em;letter-spacing:.18em}.tracking-\[0\.1em\]{--tw-tracking:.1em;letter-spacing:.1em}.tracking-\[0\.04em\]{--tw-tracking:.04em;letter-spacing:.04em}.tracking-\[0\.08em\]{--tw-tracking:.08em;letter-spacing:.08em
_next__static__css__f8f6efbcd1e306ae.css,king,14,63,96055,eight-medium)}.font-normal{--tw-font-weight:var(--font-weight-normal);font-weight:var(--font-weight-normal)}.font-semibold{--tw-font-weight:var(--font-weight-semibold);font-weight:var(--font-weight-semibold)}.tracking-\[\.12em\]{--tw-tracking:.12em;letter-spacing:.12em}.tracking-\[\.16em\]{--tw-tracking:.16em;letter-spacing:.16em}.tracking-\[\.18em\]{--tw-tracking:.18em;letter-spacing:.18em}.tracking-\[0\.1em\]{--tw-tracking:.1em;letter-spacing:.1em}.tracking-\[0\.04em\]{--tw-tracking:.04em;letter-spacing:.04em}.tracking-\[0\.08em\]{--tw-tracking:.08em;letter-spacing:.08em}.tracking-\[0\.12em\]{--
_next__static__css__f8f6efbcd1e306ae.css,king,15,63,96092,weight:var(--font-weight-normal);font-weight:var(--font-weight-normal)}.font-semibold{--tw-font-weight:var(--font-weight-semibold);font-weight:var(--font-weight-semibold)}.tracking-\[\.12em\]{--tw-tracking:.12em;letter-spacing:.12em}.tracking-\[\.16em\]{--tw-tracking:.16em;letter-spacing:.16em}.tracking-\[\.18em\]{--tw-tracking:.18em;letter-spacing:.18em}.tracking-\[0\.1em\]{--tw-tracking:.1em;letter-spacing:.1em}.tracking-\[0\.04em\]{--tw-tracking:.04em;letter-spacing:.04em}.tracking-\[0\.08em\]{--tw-tracking:.08em;letter-spacing:.08em}.tracking-\[0\.12em\]{--tw-tracking:.12em;letter-spacing:.12e
_next__static__css__f8f6efbcd1e306ae.css,king,16,63,96117,normal);font-weight:var(--font-weight-normal)}.font-semibold{--tw-font-weight:var(--font-weight-semibold);font-weight:var(--font-weight-semibold)}.tracking-\[\.12em\]{--tw-tracking:.12em;letter-spacing:.12em}.tracking-\[\.16em\]{--tw-tracking:.16em;letter-spacing:.16em}.tracking-\[\.18em\]{--tw-tracking:.18em;letter-spacing:.18em}.tracking-\[0\.1em\]{--tw-tracking:.1em;letter-spacing:.1em}.tracking-\[0\.04em\]{--tw-tracking:.04em;letter-spacing:.04em}.tracking-\[0\.08em\]{--tw-tracking:.08em;letter-spacing:.08em}.tracking-\[0\.12em\]{--tw-tracking:.12em;letter-spacing:.12em}.tracking-\[0\.14em\]{-
_next__static__css__f8f6efbcd1e306ae.css,king,17,63,96154,-normal)}.font-semibold{--tw-font-weight:var(--font-weight-semibold);font-weight:var(--font-weight-semibold)}.tracking-\[\.12em\]{--tw-tracking:.12em;letter-spacing:.12em}.tracking-\[\.16em\]{--tw-tracking:.16em;letter-spacing:.16em}.tracking-\[\.18em\]{--tw-tracking:.18em;letter-spacing:.18em}.tracking-\[0\.1em\]{--tw-tracking:.1em;letter-spacing:.1em}.tracking-\[0\.04em\]{--tw-tracking:.04em;letter-spacing:.04em}.tracking-\[0\.08em\]{--tw-tracking:.08em;letter-spacing:.08em}.tracking-\[0\.12em\]{--tw-tracking:.12em;letter-spacing:.12em}.tracking-\[0\.14em\]{--tw-tracking:.14em;letter-spacing:.14
_next__static__css__f8f6efbcd1e306ae.css,king,18,63,96179,-tw-font-weight:var(--font-weight-semibold);font-weight:var(--font-weight-semibold)}.tracking-\[\.12em\]{--tw-tracking:.12em;letter-spacing:.12em}.tracking-\[\.16em\]{--tw-tracking:.16em;letter-spacing:.16em}.tracking-\[\.18em\]{--tw-tracking:.18em;letter-spacing:.18em}.tracking-\[0\.1em\]{--tw-tracking:.1em;letter-spacing:.1em}.tracking-\[0\.04em\]{--tw-tracking:.04em;letter-spacing:.04em}.tracking-\[0\.08em\]{--tw-tracking:.08em;letter-spacing:.08em}.tracking-\[0\.12em\]{--tw-tracking:.12em;letter-spacing:.12em}.tracking-\[0\.14em\]{--tw-tracking:.14em;letter-spacing:.14em}.tracking-\[0\.16em\]{
_next__static__css__f8f6efbcd1e306ae.css,king,19,63,96214,emibold);font-weight:var(--font-weight-semibold)}.tracking-\[\.12em\]{--tw-tracking:.12em;letter-spacing:.12em}.tracking-\[\.16em\]{--tw-tracking:.16em;letter-spacing:.16em}.tracking-\[\.18em\]{--tw-tracking:.18em;letter-spacing:.18em}.tracking-\[0\.1em\]{--tw-tracking:.1em;letter-spacing:.1em}.tracking-\[0\.04em\]{--tw-tracking:.04em;letter-spacing:.04em}.tracking-\[0\.08em\]{--tw-tracking:.08em;letter-spacing:.08em}.tracking-\[0\.12em\]{--tw-tracking:.12em;letter-spacing:.12em}.tracking-\[0\.14em\]{--tw-tracking:.14em;letter-spacing:.14em}.tracking-\[0\.16em\]{--tw-tracking:.16em;letter-spacing:
_next__static__css__f8f6efbcd1e306ae.css,king,20,63,96240,-font-weight-semibold)}.tracking-\[\.12em\]{--tw-tracking:.12em;letter-spacing:.12em}.tracking-\[\.16em\]{--tw-tracking:.16em;letter-spacing:.16em}.tracking-\[\.18em\]{--tw-tracking:.18em;letter-spacing:.18em}.tracking-\[0\.1em\]{--tw-tracking:.1em;letter-spacing:.1em}.tracking-\[0\.04em\]{--tw-tracking:.04em;letter-spacing:.04em}.tracking-\[0\.08em\]{--tw-tracking:.08em;letter-spacing:.08em}.tracking-\[0\.12em\]{--tw-tracking:.12em;letter-spacing:.12em}.tracking-\[0\.14em\]{--tw-tracking:.14em;letter-spacing:.14em}.tracking-\[0\.16em\]{--tw-tracking:.16em;letter-spacing:.16em}.tracking-\[0\.18em\
_next__static__css__f8f6efbcd1e306ae.css,king,21,63,96277,12em\]{--tw-tracking:.12em;letter-spacing:.12em}.tracking-\[\.16em\]{--tw-tracking:.16em;letter-spacing:.16em}.tracking-\[\.18em\]{--tw-tracking:.18em;letter-spacing:.18em}.tracking-\[0\.1em\]{--tw-tracking:.1em;letter-spacing:.1em}.tracking-\[0\.04em\]{--tw-tracking:.04em;letter-spacing:.04em}.tracking-\[0\.08em\]{--tw-tracking:.08em;letter-spacing:.08em}.tracking-\[0\.12em\]{--tw-tracking:.12em;letter-spacing:.12em}.tracking-\[0\.14em\]{--tw-tracking:.14em;letter-spacing:.14em}.tracking-\[0\.16em\]{--tw-tracking:.16em;letter-spacing:.16em}.tracking-\[0\.18em\]{--tw-tracking:.18em;letter-spacing:
_next__static__css__f8f6efbcd1e306ae.css,king,22,63,96303,;letter-spacing:.12em}.tracking-\[\.16em\]{--tw-tracking:.16em;letter-spacing:.16em}.tracking-\[\.18em\]{--tw-tracking:.18em;letter-spacing:.18em}.tracking-\[0\.1em\]{--tw-tracking:.1em;letter-spacing:.1em}.tracking-\[0\.04em\]{--tw-tracking:.04em;letter-spacing:.04em}.tracking-\[0\.08em\]{--tw-tracking:.08em;letter-spacing:.08em}.tracking-\[0\.12em\]{--tw-tracking:.12em;letter-spacing:.12em}.tracking-\[0\.14em\]{--tw-tracking:.14em;letter-spacing:.14em}.tracking-\[0\.16em\]{--tw-tracking:.16em;letter-spacing:.16em}.tracking-\[0\.18em\]{--tw-tracking:.18em;letter-spacing:.18em}.tracking-\[0\.22em\
_next__static__css__f8f6efbcd1e306ae.css,king,23,63,96340,6em\]{--tw-tracking:.16em;letter-spacing:.16em}.tracking-\[\.18em\]{--tw-tracking:.18em;letter-spacing:.18em}.tracking-\[0\.1em\]{--tw-tracking:.1em;letter-spacing:.1em}.tracking-\[0\.04em\]{--tw-tracking:.04em;letter-spacing:.04em}.tracking-\[0\.08em\]{--tw-tracking:.08em;letter-spacing:.08em}.tracking-\[0\.12em\]{--tw-tracking:.12em;letter-spacing:.12em}.tracking-\[0\.14em\]{--tw-tracking:.14em;letter-spacing:.14em}.tracking-\[0\.16em\]{--tw-tracking:.16em;letter-spacing:.16em}.tracking-\[0\.18em\]{--tw-tracking:.18em;letter-spacing:.18em}.tracking-\[0\.22em\]{--tw-tracking:.22em;letter-spacing:
_next__static__css__f8f6efbcd1e306ae.css,king,24,63,96366,letter-spacing:.16em}.tracking-\[\.18em\]{--tw-tracking:.18em;letter-spacing:.18em}.tracking-\[0\.1em\]{--tw-tracking:.1em;letter-spacing:.1em}.tracking-\[0\.04em\]{--tw-tracking:.04em;letter-spacing:.04em}.tracking-\[0\.08em\]{--tw-tracking:.08em;letter-spacing:.08em}.tracking-\[0\.12em\]{--tw-tracking:.12em;letter-spacing:.12em}.tracking-\[0\.14em\]{--tw-tracking:.14em;letter-spacing:.14em}.tracking-\[0\.16em\]{--tw-tracking:.16em;letter-spacing:.16em}.tracking-\[0\.18em\]{--tw-tracking:.18em;letter-spacing:.18em}.tracking-\[0\.22em\]{--tw-tracking:.22em;letter-spacing:.22em}.tracking-\[0\.24em\
_next__static__css__f8f6efbcd1e306ae.css,king,25,63,96403,em\]{--tw-tracking:.18em;letter-spacing:.18em}.tracking-\[0\.1em\]{--tw-tracking:.1em;letter-spacing:.1em}.tracking-\[0\.04em\]{--tw-tracking:.04em;letter-spacing:.04em}.tracking-\[0\.08em\]{--tw-tracking:.08em;letter-spacing:.08em}.tracking-\[0\.12em\]{--tw-tracking:.12em;letter-spacing:.12em}.tracking-\[0\.14em\]{--tw-tracking:.14em;letter-spacing:.14em}.tracking-\[0\.16em\]{--tw-tracking:.16em;letter-spacing:.16em}.tracking-\[0\.18em\]{--tw-tracking:.18em;letter-spacing:.18em}.tracking-\[0\.22em\]{--tw-tracking:.22em;letter-spacing:.22em}.tracking-\[0\.24em\]{--tw-tracking:.24em;letter-spacing:
_next__static__css__f8f6efbcd1e306ae.css,king,26,63,96429,etter-spacing:.18em}.tracking-\[0\.1em\]{--tw-tracking:.1em;letter-spacing:.1em}.tracking-\[0\.04em\]{--tw-tracking:.04em;letter-spacing:.04em}.tracking-\[0\.08em\]{--tw-tracking:.08em;letter-spacing:.08em}.tracking-\[0\.12em\]{--tw-tracking:.12em;letter-spacing:.12em}.tracking-\[0\.14em\]{--tw-tracking:.14em;letter-spacing:.14em}.tracking-\[0\.16em\]{--tw-tracking:.16em;letter-spacing:.16em}.tracking-\[0\.18em\]{--tw-tracking:.18em;letter-spacing:.18em}.tracking-\[0\.22em\]{--tw-tracking:.22em;letter-spacing:.22em}.tracking-\[0\.24em\]{--tw-tracking:.24em;letter-spacing:.24em}.tracking-normal{--t
_next__static__css__f8f6efbcd1e306ae.css,king,27,63,96466,m\]{--tw-tracking:.1em;letter-spacing:.1em}.tracking-\[0\.04em\]{--tw-tracking:.04em;letter-spacing:.04em}.tracking-\[0\.08em\]{--tw-tracking:.08em;letter-spacing:.08em}.tracking-\[0\.12em\]{--tw-tracking:.12em;letter-spacing:.12em}.tracking-\[0\.14em\]{--tw-tracking:.14em;letter-spacing:.14em}.tracking-\[0\.16em\]{--tw-tracking:.16em;letter-spacing:.16em}.tracking-\[0\.18em\]{--tw-tracking:.18em;letter-spacing:.18em}.tracking-\[0\.22em\]{--tw-tracking:.22em;letter-spacing:.22em}.tracking-\[0\.24em\]{--tw-tracking:.24em;letter-spacing:.24em}.tracking-normal{--tw-tracking:var(--tracking-normal);let
_next__static__css__f8f6efbcd1e306ae.css,king,28,63,96492,ter-spacing:.1em}.tracking-\[0\.04em\]{--tw-tracking:.04em;letter-spacing:.04em}.tracking-\[0\.08em\]{--tw-tracking:.08em;letter-spacing:.08em}.tracking-\[0\.12em\]{--tw-tracking:.12em;letter-spacing:.12em}.tracking-\[0\.14em\]{--tw-tracking:.14em;letter-spacing:.14em}.tracking-\[0\.16em\]{--tw-tracking:.16em;letter-spacing:.16em}.tracking-\[0\.18em\]{--tw-tracking:.18em;letter-spacing:.18em}.tracking-\[0\.22em\]{--tw-tracking:.22em;letter-spacing:.22em}.tracking-\[0\.24em\]{--tw-tracking:.24em;letter-spacing:.24em}.tracking-normal{--tw-tracking:var(--tracking-normal);letter-spacing:var(--tracking
_next__static__css__f8f6efbcd1e306ae.css,king,29,63,96529,]{--tw-tracking:.04em;letter-spacing:.04em}.tracking-\[0\.08em\]{--tw-tracking:.08em;letter-spacing:.08em}.tracking-\[0\.12em\]{--tw-tracking:.12em;letter-spacing:.12em}.tracking-\[0\.14em\]{--tw-tracking:.14em;letter-spacing:.14em}.tracking-\[0\.16em\]{--tw-tracking:.16em;letter-spacing:.16em}.tracking-\[0\.18em\]{--tw-tracking:.18em;letter-spacing:.18em}.tracking-\[0\.22em\]{--tw-tracking:.22em;letter-spacing:.22em}.tracking-\[0\.24em\]{--tw-tracking:.24em;letter-spacing:.24em}.tracking-normal{--tw-tracking:var(--tracking-normal);letter-spacing:var(--tracking-normal)}.tracking-tight{--tw-trackin
_next__static__css__f8f6efbcd1e306ae.css,king,30,63,96555,er-spacing:.04em}.tracking-\[0\.08em\]{--tw-tracking:.08em;letter-spacing:.08em}.tracking-\[0\.12em\]{--tw-tracking:.12em;letter-spacing:.12em}.tracking-\[0\.14em\]{--tw-tracking:.14em;letter-spacing:.14em}.tracking-\[0\.16em\]{--tw-tracking:.16em;letter-spacing:.16em}.tracking-\[0\.18em\]{--tw-tracking:.18em;letter-spacing:.18em}.tracking-\[0\.22em\]{--tw-tracking:.22em;letter-spacing:.22em}.tracking-\[0\.24em\]{--tw-tracking:.24em;letter-spacing:.24em}.tracking-normal{--tw-tracking:var(--tracking-normal);letter-spacing:var(--tracking-normal)}.tracking-tight{--tw-tracking:var(--tracking-tight);le
_next__static__css__f8f6efbcd1e306ae.css,king,31,63,96592,]{--tw-tracking:.08em;letter-spacing:.08em}.tracking-\[0\.12em\]{--tw-tracking:.12em;letter-spacing:.12em}.tracking-\[0\.14em\]{--tw-tracking:.14em;letter-spacing:.14em}.tracking-\[0\.16em\]{--tw-tracking:.16em;letter-spacing:.16em}.tracking-\[0\.18em\]{--tw-tracking:.18em;letter-spacing:.18em}.tracking-\[0\.22em\]{--tw-tracking:.22em;letter-spacing:.22em}.tracking-\[0\.24em\]{--tw-tracking:.24em;letter-spacing:.24em}.tracking-normal{--tw-tracking:var(--tracking-normal);letter-spacing:var(--tracking-normal)}.tracking-tight{--tw-tracking:var(--tracking-tight);letter-spacing:var(--tracking-tight)}.t
_next__static__css__f8f6efbcd1e306ae.css,king,32,63,96618,er-spacing:.08em}.tracking-\[0\.12em\]{--tw-tracking:.12em;letter-spacing:.12em}.tracking-\[0\.14em\]{--tw-tracking:.14em;letter-spacing:.14em}.tracking-\[0\.16em\]{--tw-tracking:.16em;letter-spacing:.16em}.tracking-\[0\.18em\]{--tw-tracking:.18em;letter-spacing:.18em}.tracking-\[0\.22em\]{--tw-tracking:.22em;letter-spacing:.22em}.tracking-\[0\.24em\]{--tw-tracking:.24em;letter-spacing:.24em}.tracking-normal{--tw-tracking:var(--tracking-normal);letter-spacing:var(--tracking-normal)}.tracking-tight{--tw-tracking:var(--tracking-tight);letter-spacing:var(--tracking-tight)}.tracking-wide{--tw-tracking
_next__static__css__f8f6efbcd1e306ae.css,king,33,63,96655,]{--tw-tracking:.12em;letter-spacing:.12em}.tracking-\[0\.14em\]{--tw-tracking:.14em;letter-spacing:.14em}.tracking-\[0\.16em\]{--tw-tracking:.16em;letter-spacing:.16em}.tracking-\[0\.18em\]{--tw-tracking:.18em;letter-spacing:.18em}.tracking-\[0\.22em\]{--tw-tracking:.22em;letter-spacing:.22em}.tracking-\[0\.24em\]{--tw-tracking:.24em;letter-spacing:.24em}.tracking-normal{--tw-tracking:var(--tracking-normal);letter-spacing:var(--tracking-normal)}.tracking-tight{--tw-tracking:var(--tracking-tight);letter-spacing:var(--tracking-tight)}.tracking-wide{--tw-tracking:var(--tracking-wide);letter-spacing:
_next__static__css__f8f6efbcd1e306ae.css,king,34,63,96681,er-spacing:.12em}.tracking-\[0\.14em\]{--tw-tracking:.14em;letter-spacing:.14em}.tracking-\[0\.16em\]{--tw-tracking:.16em;letter-spacing:.16em}.tracking-\[0\.18em\]{--tw-tracking:.18em;letter-spacing:.18em}.tracking-\[0\.22em\]{--tw-tracking:.22em;letter-spacing:.22em}.tracking-\[0\.24em\]{--tw-tracking:.24em;letter-spacing:.24em}.tracking-normal{--tw-tracking:var(--tracking-normal);letter-spacing:var(--tracking-normal)}.tracking-tight{--tw-tracking:var(--tracking-tight);letter-spacing:var(--tracking-tight)}.tracking-wide{--tw-tracking:var(--tracking-wide);letter-spacing:var(--tracking-wide)}.trac
_next__static__css__f8f6efbcd1e306ae.css,king,35,63,96718,]{--tw-tracking:.14em;letter-spacing:.14em}.tracking-\[0\.16em\]{--tw-tracking:.16em;letter-spacing:.16em}.tracking-\[0\.18em\]{--tw-tracking:.18em;letter-spacing:.18em}.tracking-\[0\.22em\]{--tw-tracking:.22em;letter-spacing:.22em}.tracking-\[0\.24em\]{--tw-tracking:.24em;letter-spacing:.24em}.tracking-normal{--tw-tracking:var(--tracking-normal);letter-spacing:var(--tracking-normal)}.tracking-tight{--tw-tracking:var(--tracking-tight);letter-spacing:var(--tracking-tight)}.tracking-wide{--tw-tracking:var(--tracking-wide);letter-spacing:var(--tracking-wide)}.tracking-wider{--tw-tracking:var(--tracki
_next__static__css__f8f6efbcd1e306ae.css,king,36,63,96739,;letter-spacing:.14em}.tracking-\[0\.16em\]{--tw-tracking:.16em;letter-spacing:.16em}.tracking-\[0\.18em\]{--tw-tracking:.18em;letter-spacing:.18em}.tracking-\[0\.22em\]{--tw-tracking:.22em;letter-spacing:.22em}.tracking-\[0\.24em\]{--tw-tracking:.24em;letter-spacing:.24em}.tracking-normal{--tw-tracking:var(--tracking-normal);letter-spacing:var(--tracking-normal)}.tracking-tight{--tw-tracking:var(--tracking-tight);letter-spacing:var(--tracking-tight)}.tracking-wide{--tw-tracking:var(--tracking-wide);letter-spacing:var(--tracking-wide)}.tracking-wider{--tw-tracking:var(--tracking-wider);letter-spac
_next__static__css__f8f6efbcd1e306ae.css,king,37,63,96754,:.14em}.tracking-\[0\.16em\]{--tw-tracking:.16em;letter-spacing:.16em}.tracking-\[0\.18em\]{--tw-tracking:.18em;letter-spacing:.18em}.tracking-\[0\.22em\]{--tw-tracking:.22em;letter-spacing:.22em}.tracking-\[0\.24em\]{--tw-tracking:.24em;letter-spacing:.24em}.tracking-normal{--tw-tracking:var(--tracking-normal);letter-spacing:var(--tracking-normal)}.tracking-tight{--tw-tracking:var(--tracking-tight);letter-spacing:var(--tracking-tight)}.tracking-wide{--tw-tracking:var(--tracking-wide);letter-spacing:var(--tracking-wide)}.tracking-wider{--tw-tracking:var(--tracking-wider);letter-spacing:var(--track
_next__static__css__f8f6efbcd1e306ae.css,king,38,63,96792,king:.16em;letter-spacing:.16em}.tracking-\[0\.18em\]{--tw-tracking:.18em;letter-spacing:.18em}.tracking-\[0\.22em\]{--tw-tracking:.22em;letter-spacing:.22em}.tracking-\[0\.24em\]{--tw-tracking:.24em;letter-spacing:.24em}.tracking-normal{--tw-tracking:var(--tracking-normal);letter-spacing:var(--tracking-normal)}.tracking-tight{--tw-tracking:var(--tracking-tight);letter-spacing:var(--tracking-tight)}.tracking-wide{--tw-tracking:var(--tracking-wide);letter-spacing:var(--tracking-wide)}.tracking-wider{--tw-tracking:var(--tracking-wider);letter-spacing:var(--tracking-wider)}.tracking-widest{--tw-track
_next__static__css__f8f6efbcd1e306ae.css,king,39,63,96810,spacing:.16em}.tracking-\[0\.18em\]{--tw-tracking:.18em;letter-spacing:.18em}.tracking-\[0\.22em\]{--tw-tracking:.22em;letter-spacing:.22em}.tracking-\[0\.24em\]{--tw-tracking:.24em;letter-spacing:.24em}.tracking-normal{--tw-tracking:var(--tracking-normal);letter-spacing:var(--tracking-normal)}.tracking-tight{--tw-tracking:var(--tracking-tight);letter-spacing:var(--tracking-tight)}.tracking-wide{--tw-tracking:var(--tracking-wide);letter-spacing:var(--tracking-wide)}.tracking-wider{--tw-tracking:var(--tracking-wider);letter-spacing:var(--tracking-wider)}.tracking-widest{--tw-tracking:var(--tracking
_next__static__css__f8f6efbcd1e306ae.css,king,40,63,96830,ing-\[0\.18em\]{--tw-tracking:.18em;letter-spacing:.18em}.tracking-\[0\.22em\]{--tw-tracking:.22em;letter-spacing:.22em}.tracking-\[0\.24em\]{--tw-tracking:.24em;letter-spacing:.24em}.tracking-normal{--tw-tracking:var(--tracking-normal);letter-spacing:var(--tracking-normal)}.tracking-tight{--tw-tracking:var(--tracking-tight);letter-spacing:var(--tracking-tight)}.tracking-wide{--tw-tracking:var(--tracking-wide);letter-spacing:var(--tracking-wide)}.tracking-wider{--tw-tracking:var(--tracking-wider);letter-spacing:var(--tracking-wider)}.tracking-widest{--tw-tracking:var(--tracking-widest);letter-spac
_next__static__css__f8f6efbcd1e306ae.css,king,41,63,96845,{--tw-tracking:.18em;letter-spacing:.18em}.tracking-\[0\.22em\]{--tw-tracking:.22em;letter-spacing:.22em}.tracking-\[0\.24em\]{--tw-tracking:.24em;letter-spacing:.24em}.tracking-normal{--tw-tracking:var(--tracking-normal);letter-spacing:var(--tracking-normal)}.tracking-tight{--tw-tracking:var(--tracking-tight);letter-spacing:var(--tracking-tight)}.tracking-wide{--tw-tracking:var(--tracking-wide);letter-spacing:var(--tracking-wide)}.tracking-wider{--tw-tracking:var(--tracking-wider);letter-spacing:var(--tracking-wider)}.tracking-widest{--tw-tracking:var(--tracking-widest);letter-spacing:var(--track
_next__static__css__f8f6efbcd1e306ae.css,king,42,63,96882,18em}.tracking-\[0\.22em\]{--tw-tracking:.22em;letter-spacing:.22em}.tracking-\[0\.24em\]{--tw-tracking:.24em;letter-spacing:.24em}.tracking-normal{--tw-tracking:var(--tracking-normal);letter-spacing:var(--tracking-normal)}.tracking-tight{--tw-tracking:var(--tracking-tight);letter-spacing:var(--tracking-tight)}.tracking-wide{--tw-tracking:var(--tracking-wide);letter-spacing:var(--tracking-wide)}.tracking-wider{--tw-tracking:var(--tracking-wider);letter-spacing:var(--tracking-wider)}.tracking-widest{--tw-tracking:var(--tracking-widest);letter-spacing:var(--tracking-widest)}.text-balance{text-wrap:b
_next__static__css__f8f6efbcd1e306ae.css,king,43,63,96899,0\.22em\]{--tw-tracking:.22em;letter-spacing:.22em}.tracking-\[0\.24em\]{--tw-tracking:.24em;letter-spacing:.24em}.tracking-normal{--tw-tracking:var(--tracking-normal);letter-spacing:var(--tracking-normal)}.tracking-tight{--tw-tracking:var(--tracking-tight);letter-spacing:var(--tracking-tight)}.tracking-wide{--tw-tracking:var(--tracking-wide);letter-spacing:var(--tracking-wide)}.tracking-wider{--tw-tracking:var(--tracking-wider);letter-spacing:var(--tracking-wider)}.tracking-widest{--tw-tracking:var(--tracking-widest);letter-spacing:var(--tracking-widest)}.text-balance{text-wrap:balance}.break-wor
_next__static__css__f8f6efbcd1e306ae.css,king,44,63,96918,king:.22em;letter-spacing:.22em}.tracking-\[0\.24em\]{--tw-tracking:.24em;letter-spacing:.24em}.tracking-normal{--tw-tracking:var(--tracking-normal);letter-spacing:var(--tracking-normal)}.tracking-tight{--tw-tracking:var(--tracking-tight);letter-spacing:var(--tracking-tight)}.tracking-wide{--tw-tracking:var(--tracking-wide);letter-spacing:var(--tracking-wide)}.tracking-wider{--tw-tracking:var(--tracking-wider);letter-spacing:var(--tracking-wider)}.tracking-widest{--tw-tracking:var(--tracking-widest);letter-spacing:var(--tracking-widest)}.text-balance{text-wrap:balance}.break-words{overflow-wrap:br
_next__static__css__f8f6efbcd1e306ae.css,king,45,63,96933,er-spacing:.22em}.tracking-\[0\.24em\]{--tw-tracking:.24em;letter-spacing:.24em}.tracking-normal{--tw-tracking:var(--tracking-normal);letter-spacing:var(--tracking-normal)}.tracking-tight{--tw-tracking:var(--tracking-tight);letter-spacing:var(--tracking-tight)}.tracking-wide{--tw-tracking:var(--tracking-wide);letter-spacing:var(--tracking-wide)}.tracking-wider{--tw-tracking:var(--tracking-wider);letter-spacing:var(--tracking-wider)}.tracking-widest{--tw-tracking:var(--tracking-widest);letter-spacing:var(--tracking-widest)}.text-balance{text-wrap:balance}.break-words{overflow-wrap:break-word}.break
_next__static__css__f8f6efbcd1e306ae.css,king,46,63,96969,\]{--tw-tracking:.24em;letter-spacing:.24em}.tracking-normal{--tw-tracking:var(--tracking-normal);letter-spacing:var(--tracking-normal)}.tracking-tight{--tw-tracking:var(--tracking-tight);letter-spacing:var(--tracking-tight)}.tracking-wide{--tw-tracking:var(--tracking-wide);letter-spacing:var(--tracking-wide)}.tracking-wider{--tw-tracking:var(--tracking-wider);letter-spacing:var(--tracking-wider)}.tracking-widest{--tw-tracking:var(--tracking-widest);letter-spacing:var(--tracking-widest)}.text-balance{text-wrap:balance}.break-words{overflow-wrap:break-word}.break-all{word-break:break-all}.whitespac
_next__static__css__f8f6efbcd1e306ae.css,king,47,63,96985,:.24em;letter-spacing:.24em}.tracking-normal{--tw-tracking:var(--tracking-normal);letter-spacing:var(--tracking-normal)}.tracking-tight{--tw-tracking:var(--tracking-tight);letter-spacing:var(--tracking-tight)}.tracking-wide{--tw-tracking:var(--tracking-wide);letter-spacing:var(--tracking-wide)}.tracking-wider{--tw-tracking:var(--tracking-wider);letter-spacing:var(--tracking-wider)}.tracking-widest{--tw-tracking:var(--tracking-widest);letter-spacing:var(--tracking-widest)}.text-balance{text-wrap:balance}.break-words{overflow-wrap:break-word}.break-all{word-break:break-all}.whitespace-normal{white-s
_next__static__css__f8f6efbcd1e306ae.css,king,48,63,97005,g:.24em}.tracking-normal{--tw-tracking:var(--tracking-normal);letter-spacing:var(--tracking-normal)}.tracking-tight{--tw-tracking:var(--tracking-tight);letter-spacing:var(--tracking-tight)}.tracking-wide{--tw-tracking:var(--tracking-wide);letter-spacing:var(--tracking-wide)}.tracking-wider{--tw-tracking:var(--tracking-wider);letter-spacing:var(--tracking-wider)}.tracking-widest{--tw-tracking:var(--tracking-widest);letter-spacing:var(--tracking-widest)}.text-balance{text-wrap:balance}.break-words{overflow-wrap:break-word}.break-all{word-break:break-all}.whitespace-normal{white-space:normal}.whitesp
_next__static__css__f8f6efbcd1e306ae.css,king,49,63,97020,ng-normal{--tw-tracking:var(--tracking-normal);letter-spacing:var(--tracking-normal)}.tracking-tight{--tw-tracking:var(--tracking-tight);letter-spacing:var(--tracking-tight)}.tracking-wide{--tw-tracking:var(--tracking-wide);letter-spacing:var(--tracking-wide)}.tracking-wider{--tw-tracking:var(--tracking-wider);letter-spacing:var(--tracking-wider)}.tracking-widest{--tw-tracking:var(--tracking-widest);letter-spacing:var(--tracking-widest)}.text-balance{text-wrap:balance}.break-words{overflow-wrap:break-word}.break-all{word-break:break-all}.whitespace-normal{white-space:normal}.whitespace-nowrap{whit
_next__static__css__f8f6efbcd1e306ae.css,king,50,63,97057,g-normal);letter-spacing:var(--tracking-normal)}.tracking-tight{--tw-tracking:var(--tracking-tight);letter-spacing:var(--tracking-tight)}.tracking-wide{--tw-tracking:var(--tracking-wide);letter-spacing:var(--tracking-wide)}.tracking-wider{--tw-tracking:var(--tracking-wider);letter-spacing:var(--tracking-wider)}.tracking-widest{--tw-tracking:var(--tracking-widest);letter-spacing:var(--tracking-widest)}.text-balance{text-wrap:balance}.break-words{overflow-wrap:break-word}.break-all{word-break:break-all}.whitespace-normal{white-space:normal}.whitespace-nowrap{white-space:nowrap}.whitespace-pre{white-
_next__static__css__f8f6efbcd1e306ae.css,king,51,63,97074,spacing:var(--tracking-normal)}.tracking-tight{--tw-tracking:var(--tracking-tight);letter-spacing:var(--tracking-tight)}.tracking-wide{--tw-tracking:var(--tracking-wide);letter-spacing:var(--tracking-wide)}.tracking-wider{--tw-tracking:var(--tracking-wider);letter-spacing:var(--tracking-wider)}.tracking-widest{--tw-tracking:var(--tracking-widest);letter-spacing:var(--tracking-widest)}.text-balance{text-wrap:balance}.break-words{overflow-wrap:break-word}.break-all{word-break:break-all}.whitespace-normal{white-space:normal}.whitespace-nowrap{white-space:nowrap}.whitespace-pre{white-space:pre}.whites
_next__static__css__f8f6efbcd1e306ae.css,king,52,63,97095,g-normal)}.tracking-tight{--tw-tracking:var(--tracking-tight);letter-spacing:var(--tracking-tight)}.tracking-wide{--tw-tracking:var(--tracking-wide);letter-spacing:var(--tracking-wide)}.tracking-wider{--tw-tracking:var(--tracking-wider);letter-spacing:var(--tracking-wider)}.tracking-widest{--tw-tracking:var(--tracking-widest);letter-spacing:var(--tracking-widest)}.text-balance{text-wrap:balance}.break-words{overflow-wrap:break-word}.break-all{word-break:break-all}.whitespace-normal{white-space:normal}.whitespace-nowrap{white-space:nowrap}.whitespace-pre{white-space:pre}.whitespace-pre-line{white-s
_next__static__css__f8f6efbcd1e306ae.css,king,53,63,97110,king-tight{--tw-tracking:var(--tracking-tight);letter-spacing:var(--tracking-tight)}.tracking-wide{--tw-tracking:var(--tracking-wide);letter-spacing:var(--tracking-wide)}.tracking-wider{--tw-tracking:var(--tracking-wider);letter-spacing:var(--tracking-wider)}.tracking-widest{--tw-tracking:var(--tracking-widest);letter-spacing:var(--tracking-widest)}.text-balance{text-wrap:balance}.break-words{overflow-wrap:break-word}.break-all{word-break:break-all}.whitespace-normal{white-space:normal}.whitespace-nowrap{white-space:nowrap}.whitespace-pre{white-space:pre}.whitespace-pre-line{white-space:pre-line}.
_next__static__css__f8f6efbcd1e306ae.css,king,54,63,97148,g-tight);letter-spacing:var(--tracking-tight)}.tracking-wide{--tw-tracking:var(--tracking-wide);letter-spacing:var(--tracking-wide)}.tracking-wider{--tw-tracking:var(--tracking-wider);letter-spacing:var(--tracking-wider)}.tracking-widest{--tw-tracking:var(--tracking-widest);letter-spacing:var(--tracking-widest)}.text-balance{text-wrap:balance}.break-words{overflow-wrap:break-word}.break-all{word-break:break-all}.whitespace-normal{white-space:normal}.whitespace-nowrap{white-space:nowrap}.whitespace-pre{white-space:pre}.whitespace-pre-line{white-space:pre-line}.whitespace-pre-wrap{white-space:pre-wr
_next__static__css__f8f6efbcd1e306ae.css,king,55,63,123218,"-button{font-size:var(--text-sm);line-height:var(--tw-leading,var(--text-sm--line-height))}.file\:font-medium::file-selector-button{--tw-font-weight:var(--font-weight-medium);font-weight:var(--font-weight-medium)}.file\:text-foreground::file-selector-button{color:var(--foreground)}.placeholder\:tracking-normal::placeholder{--tw-tracking:var(--tracking-normal);letter-spacing:var(--tracking-normal)}.placeholder\:text-muted-foreground::placeholder,.placeholder\:text-muted-foreground\/60::placeholder{color:var(--muted-foreground)}@supports (color:color-mix(in lab,red,red)){.placeholder\:text-muted-for"
_next__static__css__f8f6efbcd1e306ae.css,king,56,63,123252,"ine-height:var(--tw-leading,var(--text-sm--line-height))}.file\:font-medium::file-selector-button{--tw-font-weight:var(--font-weight-medium);font-weight:var(--font-weight-medium)}.file\:text-foreground::file-selector-button{color:var(--foreground)}.placeholder\:tracking-normal::placeholder{--tw-tracking:var(--tracking-normal);letter-spacing:var(--tracking-normal)}.placeholder\:text-muted-foreground::placeholder,.placeholder\:text-muted-foreground\/60::placeholder{color:var(--muted-foreground)}@supports (color:color-mix(in lab,red,red)){.placeholder\:text-muted-foreground\/60::placeholder{color:col"
_next__static__css__f8f6efbcd1e306ae.css,king,57,63,123267,"--tw-leading,var(--text-sm--line-height))}.file\:font-medium::file-selector-button{--tw-font-weight:var(--font-weight-medium);font-weight:var(--font-weight-medium)}.file\:text-foreground::file-selector-button{color:var(--foreground)}.placeholder\:tracking-normal::placeholder{--tw-tracking:var(--tracking-normal);letter-spacing:var(--tracking-normal)}.placeholder\:text-muted-foreground::placeholder,.placeholder\:text-muted-foreground\/60::placeholder{color:var(--muted-foreground)}@supports (color:color-mix(in lab,red,red)){.placeholder\:text-muted-foreground\/60::placeholder{color:color-mix(in oklab"
_next__static__css__f8f6efbcd1e306ae.css,king,58,63,123305,"t))}.file\:font-medium::file-selector-button{--tw-font-weight:var(--font-weight-medium);font-weight:var(--font-weight-medium)}.file\:text-foreground::file-selector-button{color:var(--foreground)}.placeholder\:tracking-normal::placeholder{--tw-tracking:var(--tracking-normal);letter-spacing:var(--tracking-normal)}.placeholder\:text-muted-foreground::placeholder,.placeholder\:text-muted-foreground\/60::placeholder{color:var(--muted-foreground)}@supports (color:color-mix(in lab,red,red)){.placeholder\:text-muted-foreground\/60::placeholder{color:color-mix(in oklab,var(--muted-foreground)60%,transparen"
_next__static__css__f8f6efbcd1e306ae.css,king,59,63,170089,]{font-size:13px}.sm\:text-\[15px\]{font-size:15px}.sm\:text-\[20px\]{font-size:20px}.sm\:text-\[26px\]{font-size:26px}.sm\:leading-5{--tw-leading:calc(var(--spacing)*5);line-height:calc(var(--spacing)*5)}.sm\:leading-8{--tw-leading:calc(var(--spacing)*8);line-height:calc(var(--spacing)*8)}.sm\:tracking-\[0\.14em\]{--tw-tracking:.14em;letter-spacing:.14em}.sm\:tracking-\[0\.18em\]{--tw-tracking:.18em;letter-spacing:.18em}.sm\:whitespace-nowrap{white-space:nowrap}.sm\:opacity-0{opacity:0}@media (hover:hover){.sm\:group-hover\:opacity-100:is(:where(.group):hover *){opacity:1}}.sm\:focus\:opacity-100
_next__static__css__f8f6efbcd1e306ae.css,king,60,63,170115,-\[15px\]{font-size:15px}.sm\:text-\[20px\]{font-size:20px}.sm\:text-\[26px\]{font-size:26px}.sm\:leading-5{--tw-leading:calc(var(--spacing)*5);line-height:calc(var(--spacing)*5)}.sm\:leading-8{--tw-leading:calc(var(--spacing)*8);line-height:calc(var(--spacing)*8)}.sm\:tracking-\[0\.14em\]{--tw-tracking:.14em;letter-spacing:.14em}.sm\:tracking-\[0\.18em\]{--tw-tracking:.18em;letter-spacing:.18em}.sm\:whitespace-nowrap{white-space:nowrap}.sm\:opacity-0{opacity:0}@media (hover:hover){.sm\:group-hover\:opacity-100:is(:where(.group):hover *){opacity:1}}.sm\:focus\:opacity-100:focus{opacity:1}}@media (
_next__static__css__f8f6efbcd1e306ae.css,king,61,63,170156,\]{font-size:20px}.sm\:text-\[26px\]{font-size:26px}.sm\:leading-5{--tw-leading:calc(var(--spacing)*5);line-height:calc(var(--spacing)*5)}.sm\:leading-8{--tw-leading:calc(var(--spacing)*8);line-height:calc(var(--spacing)*8)}.sm\:tracking-\[0\.14em\]{--tw-tracking:.14em;letter-spacing:.14em}.sm\:tracking-\[0\.18em\]{--tw-tracking:.18em;letter-spacing:.18em}.sm\:whitespace-nowrap{white-space:nowrap}.sm\:opacity-0{opacity:0}@media (hover:hover){.sm\:group-hover\:opacity-100:is(:where(.group):hover *){opacity:1}}.sm\:focus\:opacity-100:focus{opacity:1}}@media (min-width:48rem){.md\:absolute{position:a
_next__static__css__f8f6efbcd1e306ae.css,king,62,63,170182,t-\[26px\]{font-size:26px}.sm\:leading-5{--tw-leading:calc(var(--spacing)*5);line-height:calc(var(--spacing)*5)}.sm\:leading-8{--tw-leading:calc(var(--spacing)*8);line-height:calc(var(--spacing)*8)}.sm\:tracking-\[0\.14em\]{--tw-tracking:.14em;letter-spacing:.14em}.sm\:tracking-\[0\.18em\]{--tw-tracking:.18em;letter-spacing:.18em}.sm\:whitespace-nowrap{white-space:nowrap}.sm\:opacity-0{opacity:0}@media (hover:hover){.sm\:group-hover\:opacity-100:is(:where(.group):hover *){opacity:1}}.sm\:focus\:opacity-100:focus{opacity:1}}@media (min-width:48rem){.md\:absolute{position:absolute}.md\:relative{posi
_next__static__css__f8f6efbcd1e306ae.css,king,63,63,222185,"ient-via-position{syntax:""<length-percentage>"";inherits:false;initial-value:50%}@property --tw-gradient-to-position{syntax:""<length-percentage>"";inherits:false;initial-value:100%}@property --tw-leading{syntax:""*"";inherits:false}@property --tw-font-weight{syntax:""*"";inherits:false}@property --tw-tracking{syntax:""*"";inherits:false}@property --tw-ordinal{syntax:""*"";inherits:false}@property --tw-slashed-zero{syntax:""*"";inherits:false}@property --tw-numeric-figure{syntax:""*"";inherits:false}@property --tw-numeric-spacing{syntax:""*"";inherits:false}@property --tw-numeric-fraction{syntax:""*"";inherits:false"
_next__static__css__f8f6efbcd1e306ae.css,gatekeeper,1,1,15196,-weight:var(--font-weight-medium);font-weight:var(--font-weight-medium);border-radius:.25rem;align-items:center;display:inline-flex}.badge-king{color:#a855f7;background-color:#a855f71a}.badge-pika{color:#eab308;background-color:#eab3081a}.badge-barney{color:#9333ea;background-color:#9333ea1a}.badge-gatekeeper{color:#f97316;background-color:#f973161a}.badge-gex{color:#3b82f6;background-color:#3b82f61a}.badge-vex{color:#f59e0b;background-color:#f59e0b1a}.table-header{--tw-font-weight:var(--font-weight-medium);font-weight:var(--font-weight-medium);--tw-tracking:var(--tracking-wide);letter-spacing:var(--tra
